iter,games,net,AspirationDelta,AspirationWidenPct,RfpMargin,RfpMaxDepth,LmrMinDepth,LmrMinMoveIndex,LmrDepth6At,LmrDeepAt,HistoryBonusMultPct
0,16,-0.1250,117.73,148.80,100.96,7.76,2.88,2.88,5.88,11.76,99.04
1,16,-0.2500,120.94,150.49,99.60,8.10,2.71,2.71,5.71,11.42,100.40
2,16,+0.1250,119.63,149.80,99.05,8.24,2.64,2.78,5.78,11.28,99.84
3,16,-0.1875,121.33,150.70,98.34,8.06,2.73,2.87,5.69,11.11,100.56
4,16,-0.0625,121.84,150.43,98.55,8.00,2.71,2.90,5.72,11.16,100.77
5,16,+0.0625,122.30,150.68,98.36,8.05,2.68,2.87,5.69,11.11,100.97
6,16,+0.1250,121.44,151.13,98.72,7.96,2.64,2.83,5.74,11.20,101.33
7,16,+0.2500,123.05,150.28,99.39,7.79,2.55,2.74,5.82,11.03,100.65
8,16,+0.1250,122.29,150.68,99.71,7.71,2.51,2.70,5.78,10.95,100.34
9,16,+0.2500,123.72,151.44,100.31,7.56,2.44,2.63,5.86,11.10,99.73
0,16,+0.0625,121.14,150.60,99.52,8.12,3.06,3.06,6.06,12.12,100.48
1,16,-0.1250,122.74,151.44,98.85,8.29,2.98,2.98,5.98,11.95,101.15
2,16,+0.0625,122.09,151.10,98.57,8.36,2.94,3.01,6.01,11.88,100.88
3,16,-0.0625,122.65,151.40,98.33,8.30,2.97,3.04,5.98,11.82,101.12
4,16,+0.0000,122.65,151.40,98.33,8.30,2.97,3.04,5.98,11.82,101.12
5,16,-0.0625,122.19,151.15,98.53,8.25,3.00,3.06,6.00,11.87,100.92
6,16,-0.1250,123.05,150.70,98.17,8.34,3.04,3.11,5.96,11.78,100.56
7,16,+0.2500,124.65,149.86,98.84,8.17,2.96,3.02,6.04,11.61,99.89
8,16,+0.1875,123.52,150.45,99.32,8.05,2.90,2.97,5.98,11.49,99.41
9,16,+0.1250,124.23,150.83,99.62,7.98,2.86,2.93,6.02,11.57,99.11
10,16,+0.1250,123.55,151.19,99.91,7.90,2.82,2.96,6.06,11.64,98.82
11,16,+0.1250,124.20,151.54,100.18,7.83,2.79,3.00,6.02,11.57,99.10
12,16,-0.4375,122.01,150.38,99.26,8.07,2.67,3.11,5.91,11.34,98.17
13,16,+0.1250,122.61,150.70,99.00,8.00,2.64,3.08,5.88,11.28,97.91
14,16,+0.0000,122.61,150.70,99.00,8.00,2.64,3.08,5.88,11.28,97.91
15,16,+0.0625,122.33,150.55,98.88,7.97,2.63,3.07,5.86,11.25,98.03
16,16,-0.1250,121.78,150.26,98.65,7.92,2.60,3.10,5.83,11.30,97.80
17,16,-0.0625,121.51,150.12,98.54,7.89,2.61,3.08,5.85,11.33,97.91
18,16,+0.0000,121.51,150.12,98.54,7.89,2.61,3.08,5.85,11.33,97.91
19,16,-0.1250,122.02,150.38,98.75,7.83,2.58,3.05,5.87,11.28,98.13
20,16,+0.0000,122.02,150.38,98.75,7.83,2.58,3.05,5.87,11.28,98.13
21,16,-0.1250,122.50,150.13,98.55,7.78,2.56,3.08,5.85,11.33,98.33
22,16,+0.1875,121.79,149.76,98.25,7.86,2.52,3.04,5.88,11.25,98.03
23,16,-0.1250,121.33,150.00,98.44,7.81,2.50,3.02,5.86,11.30,98.23
24,16,+0.0000,121.33,150.00,98.44,7.81,2.50,3.02,5.86,11.30,98.23
25,16,+0.0000,121.33,150.00,98.44,7.81,2.50,3.02,5.86,11.30,98.23
26,16,-0.1250,121.77,150.23,98.26,7.85,2.52,3.00,5.88,11.35,98.04
27,16,-0.1250,121.34,150.01,98.08,7.90,2.54,3.02,5.86,11.30,97.86
28,16,-0.0625,121.55,150.12,98.17,7.92,2.55,3.01,5.85,11.33,97.95
29,16,-0.3750,122.79,149.46,97.65,8.05,2.49,2.94,5.78,11.46,98.47
30,16,+0.0000,122.79,149.46,97.65,8.05,2.49,2.94,5.78,11.46,98.47
31,16,+0.0625,122.59,149.57,97.56,8.07,2.48,2.93,5.77,11.44,98.39
32,16,+0.2500,121.80,149.15,97.23,8.16,2.44,2.97,5.73,11.35,98.06
33,16,+0.1875,121.22,148.85,97.48,8.22,2.41,3.00,5.76,11.41,98.30
34,16,+0.2500,121.98,148.44,97.15,8.14,2.45,3.04,5.72,11.49,98.63
35,16,+0.0625,122.17,148.34,97.23,8.12,2.46,3.05,5.73,11.47,98.70
36,16,+0.1250,122.54,148.15,97.08,8.16,2.44,3.03,5.71,11.44,98.86
37,16,-0.1250,122.91,148.34,96.92,8.12,2.46,3.01,5.69,11.40,98.71
38,16,-0.1250,122.55,148.15,97.07,8.16,2.44,3.00,5.67,11.44,98.86
39,16,-0.1875,123.08,147.87,96.85,8.21,2.46,3.02,5.65,11.49,98.63
40,16,+0.0000,123.08,147.87,96.85,8.21,2.46,3.02,5.65,11.49,98.63
41,16,+0.2500,123.78,148.24,96.55,8.14,2.50,3.06,5.68,11.57,98.34
42,16,-0.0625,123.96,148.33,96.48,8.16,2.51,3.07,5.69,11.58,98.27
43,16,-0.4375,125.15,147.70,96.98,8.03,2.45,3.13,5.63,11.46,98.77
44,16,+0.3125,125.99,147.26,96.63,8.12,2.40,3.18,5.58,11.37,98.41
45,16,+0.1250,126.33,147.43,96.77,8.16,2.39,3.19,5.60,11.33,98.27
46,16,+0.1875,125.83,147.69,96.56,8.10,2.36,3.17,5.58,11.28,98.48
47,16,-0.3125,125.02,148.12,96.22,8.02,2.32,3.13,5.53,11.20,98.83
48,16,-0.1250,124.69,148.29,96.08,8.05,2.30,3.14,5.55,11.23,98.69
49,16,+0.1250,124.37,148.46,96.22,8.02,2.32,3.13,5.53,11.26,98.56
50,16,+0.0000,124.37,148.46,96.22,8.02,2.32,3.13,5.53,11.26,98.56
51,16,-0.1250,124.69,148.62,96.35,8.05,2.30,3.11,5.52,11.23,98.42
52,16,+0.0000,124.69,148.62,96.35,8.05,2.30,3.11,5.52,11.23,98.42
53,16,-0.1250,124.99,148.46,96.22,8.02,2.28,3.13,5.53,11.26,98.29
54,16,+0.1250,124.69,148.62,96.35,8.05,2.30,3.14,5.52,11.29,98.42
55,16,+0.1250,124.39,148.46,96.22,8.08,2.28,3.13,5.53,11.26,98.55
56,16,+0.0625,124.24,148.54,96.28,8.10,2.28,3.12,5.54,11.25,98.61
57,16,-0.4375,125.28,148.00,96.72,8.21,2.22,3.06,5.49,11.14,98.17
58,16,+0.0625,125.13,147.92,96.66,8.19,2.21,3.07,5.49,11.15,98.24
59,16,+0.2500,124.55,147.61,96.91,8.13,2.18,3.10,5.46,11.09,98.48
60,16,-0.2500,123.97,147.31,97.15,8.07,2.21,3.07,5.43,11.03,98.73
61,16,+0.0000,123.97,147.31,97.15,8.07,2.21,3.07,5.43,11.03,98.73
62,16,+0.1875,123.54,147.08,96.97,8.11,2.24,3.09,5.41,10.99,98.55
63,16,-0.3125,122.83,146.71,96.67,8.04,2.20,3.13,5.37,11.06,98.84
64,16,+0.1250,123.11,146.56,96.79,8.01,2.18,3.15,5.36,11.03,98.73
65,16,-0.3750,122.28,146.12,96.44,8.10,2.14,3.10,5.31,10.94,98.37
66,16,-0.1875,122.69,145.90,96.26,8.14,2.12,3.08,5.29,10.99,98.20
67,16,+0.2500,122.14,145.61,96.49,8.20,2.15,3.11,5.32,11.04,98.43
68,16,-0.1875,121.73,145.83,96.67,8.16,2.13,3.09,5.30,11.00,98.26
69,16,+0.0625,121.60,145.76,96.61,8.14,2.13,3.09,5.31,11.02,98.32
70,16,+0.1250,121.33,145.90,96.72,8.17,2.12,3.11,5.29,10.99,98.20
71,16,+0.3750,122.13,145.48,97.06,8.09,2.08,3.15,5.25,10.90,97.87
72,16,-0.1250,122.39,145.62,96.95,8.06,2.06,3.16,5.24,10.93,97.75
73,16,-0.1250,122.13,145.76,96.84,8.09,2.05,3.15,5.25,10.90,97.64
74,16,+0.1250,121.87,145.89,96.73,8.11,2.03,3.14,5.26,10.88,97.75
75,16,-0.1875,121.48,145.69,96.56,8.15,2.01,3.12,5.28,10.83,97.92
76,16,-0.2500,120.97,145.42,96.35,8.21,2.00,3.14,5.26,10.89,97.70
77,16,-0.0625,120.84,145.35,96.40,8.22,2.01,3.15,5.25,10.88,97.75
78,16,+0.0000,120.84,145.35,96.40,8.22,2.01,3.15,5.25,10.88,97.75
79,16,+0.0000,120.84,145.35,96.40,8.22,2.01,3.15,5.25,10.88,97.75
80,16,-0.0625,120.71,145.28,96.35,8.21,2.00,3.14,5.24,10.89,97.70
81,16,-0.0625,120.59,145.22,96.29,8.20,2.01,3.15,5.25,10.88,97.75
82,16,-0.0625,120.71,145.15,96.24,8.21,2.01,3.14,5.26,10.89,97.70
83,16,+0.3125,121.33,145.48,95.98,8.14,2.05,3.11,5.22,10.82,97.44
84,16,-0.1875,120.96,145.67,95.83,8.18,2.03,3.13,5.21,10.78,97.29
85,16,+0.0625,120.84,145.61,95.88,8.17,2.02,3.14,5.21,10.77,97.34
86,16,+0.2500,120.35,145.86,95.67,8.12,2.05,3.16,5.19,10.72,97.54
87,16,+0.0625,120.23,145.80,95.62,8.13,2.05,3.17,5.18,10.73,97.49
88,16,+0.0625,120.35,145.74,95.67,8.12,2.05,3.16,5.19,10.75,97.44
89,16,-0.2500,120.83,145.48,95.87,8.07,2.07,3.19,5.16,10.70,97.64
90,16,-0.1250,121.07,145.61,95.78,8.04,2.06,3.18,5.15,10.67,97.54
91,16,-0.3125,121.66,145.92,96.02,7.98,2.03,3.14,5.12,10.61,97.29
92,16,+0.1250,121.89,146.04,95.92,8.01,2.01,3.13,5.13,10.58,97.20
93,16,-0.0625,121.77,145.98,95.97,8.02,2.01,3.14,5.14,10.57,97.24
94,16,+0.0000,121.77,145.98,95.97,8.02,2.01,3.14,5.14,10.57,97.24
95,16,-0.0625,121.89,145.92,96.02,8.03,2.01,3.14,5.13,10.58,97.29
96,16,+0.1875,122.23,146.10,96.17,7.99,2.00,3.16,5.11,10.55,97.15
97,16,-0.2500,122.69,145.86,95.97,8.04,2.02,3.19,5.14,10.50,96.96
98,16,+0.0000,122.69,145.86,95.97,8.04,2.02,3.19,5.14,10.50,96.96
99,16,-0.1875,122.35,145.68,96.12,8.08,2.04,3.20,5.15,10.54,96.81
100,16,-0.1250,122.58,145.57,96.02,8.10,2.03,3.19,5.14,10.56,96.91
101,16,-0.2500,123.02,145.33,95.83,8.15,2.05,3.22,5.12,10.51,97.10
102,16,-0.2500,123.47,145.09,96.02,8.20,2.03,3.19,5.10,10.56,97.28
103,16,+0.0000,123.47,145.09,96.02,8.20,2.03,3.19,5.10,10.56,97.28
104,16,+0.3125,122.92,144.80,95.79,8.25,2.06,3.16,5.07,10.50,97.05
105,16,+0.1875,123.25,144.63,95.65,8.29,2.08,3.18,5.05,10.54,96.91
106,16,-0.0625,123.14,144.69,95.61,8.30,2.07,3.19,5.05,10.52,96.87
107,16,-0.1250,123.36,144.57,95.51,8.28,2.08,3.17,5.07,10.50,96.78
108,16,-0.1250,123.57,144.69,95.42,8.26,2.07,3.19,5.08,10.48,96.87
109,16,+0.0625,123.68,144.63,95.47,8.27,2.07,3.18,5.07,10.49,96.91
110,16,-0.1875,123.36,144.80,95.33,8.23,2.05,3.20,5.05,10.46,97.05
111,16,-0.1250,123.57,144.69,95.24,8.26,2.04,3.19,5.07,10.48,96.96
112,16,-0.1875,123.25,144.52,95.11,8.22,2.05,3.17,5.08,10.44,97.09
113,16,-0.1250,123.46,144.41,95.20,8.20,2.04,3.18,5.07,10.47,97.18
114,16,-0.0625,123.57,144.46,95.15,8.21,2.05,3.19,5.07,10.48,97.14
115,16,-0.2500,123.15,144.69,95.33,8.25,2.03,3.16,5.04,10.43,96.96
116,16,+0.2500,123.57,144.47,95.15,8.21,2.05,3.19,5.02,10.48,97.14
117,16,-0.2500,123.98,144.68,95.33,8.25,2.03,3.21,5.00,10.52,96.96
118,16,+0.0000,123.98,144.68,95.33,8.25,2.03,3.21,5.00,10.52,96.96
119,16,+0.1250,124.19,144.58,95.42,8.23,2.02,3.22,4.99,10.50,97.05
120,16,+0.0625,124.09,144.52,95.46,8.22,2.02,3.21,4.98,10.51,97.09
121,16,-0.1250,124.29,144.63,95.37,8.24,2.03,3.20,4.97,10.53,97.00
122,16,+0.1250,124.09,144.74,95.29,8.26,2.02,3.21,4.96,10.51,97.09
123,16,+0.2500,123.68,144.95,95.12,8.31,2.04,3.19,4.94,10.55,97.26
124,16,-0.0625,123.58,145.00,95.16,8.32,2.04,3.19,4.94,10.56,97.22
125,16,-0.3125,124.09,145.27,94.95,8.37,2.01,3.21,4.91,10.62,97.43
126,16,+0.1250,123.88,145.37,94.86,8.35,2.02,3.22,4.90,10.60,97.35
127,16,+0.2500,123.49,145.16,94.69,8.31,2.04,3.20,4.92,10.55,97.51
128,16,+0.1250,123.29,145.27,94.78,8.29,2.05,3.19,4.91,10.58,97.60
129,16,+0.0625,123.39,145.22,94.82,8.28,2.06,3.19,4.90,10.56,97.56
130,16,+0.0000,123.39,145.22,94.82,8.28,2.06,3.19,4.90,10.56,97.56
131,16,+0.0625,123.48,145.27,94.78,8.29,2.06,3.18,4.91,10.55,97.60
132,16,-0.1875,123.19,145.42,94.65,8.32,2.08,3.20,4.89,10.59,97.72
133,16,-0.1875,122.90,145.27,94.53,8.29,2.06,3.21,4.91,10.55,97.60
134,16,-0.3125,122.41,145.52,94.74,8.34,2.04,3.24,4.88,10.61,97.39
135,16,-0.1875,122.12,145.37,94.61,8.31,2.05,3.22,4.87,10.64,97.52
136,16,+0.1875,122.41,145.22,94.73,8.34,2.04,3.24,4.85,10.61,97.64
137,16,+0.0000,122.41,145.22,94.73,8.34,2.04,3.24,4.85,10.61,97.64
138,16,+0.1250,122.22,145.32,94.82,8.36,2.03,3.25,4.84,10.59,97.56
139,16,+0.0625,122.12,145.37,94.78,8.37,2.03,3.25,4.84,10.60,97.52
140,16,+0.1250,121.93,145.27,94.86,8.35,2.02,3.24,4.83,10.58,97.60
141,16,+0.1875,121.65,145.42,94.74,8.38,2.01,3.26,4.81,10.61,97.72
142,16,-0.1875,121.36,145.57,94.62,8.35,2.00,3.24,4.80,10.64,97.84
143,16,-0.0625,121.46,145.62,94.66,8.36,2.00,3.25,4.80,10.63,97.80
144,16,+0.0000,121.46,145.62,94.66,8.36,2.00,3.25,4.80,10.63,97.80
145,16,+0.3125,121.93,145.37,94.85,8.31,2.03,3.27,4.83,10.58,97.99
146,16,+0.0000,121.93,145.37,94.85,8.31,2.03,3.27,4.83,10.58,97.99
147,16,-0.1875,122.20,145.23,94.74,8.28,2.04,3.26,4.81,10.55,98.11
148,16,-0.0625,122.11,145.27,94.70,8.27,2.04,3.25,4.82,10.56,98.07
149,16,-0.0625,122.20,145.32,94.66,8.26,2.04,3.26,4.82,10.57,98.11
150,16,-0.1250,122.02,145.23,94.74,8.28,2.03,3.25,4.83,10.59,98.03
151,16,-0.0625,121.93,145.27,94.70,8.27,2.03,3.25,4.83,10.58,98.07
152,16,+0.0625,122.02,145.23,94.74,8.26,2.02,3.25,4.82,10.57,98.03
153,16,-0.0625,121.93,145.27,94.77,8.25,2.02,3.24,4.82,10.58,98.00
154,16,-0.1250,122.11,145.18,94.70,8.27,2.01,3.25,4.81,10.56,97.92
155,16,+0.0625,122.20,145.23,94.74,8.28,2.01,3.25,4.80,10.55,97.88
156,16,+0.2500,122.56,145.42,94.58,8.32,2.00,3.23,4.78,10.51,98.03
157,16,-0.1875,122.29,145.56,94.70,8.35,2.01,3.22,4.77,10.54,97.92
158,16,+0.1250,122.11,145.46,94.62,8.36,2.02,3.22,4.76,10.52,97.84
159,16,+0.0625,122.20,145.42,94.66,8.36,2.02,3.22,4.76,10.53,97.88
160,16,-0.0625,122.29,145.37,94.62,8.36,2.01,3.22,4.76,10.52,97.84
161,16,-0.0625,122.38,145.42,94.66,8.36,2.02,3.21,4.76,10.53,97.81
162,16,+0.0000,122.38,145.42,94.66,8.36,2.02,3.21,4.76,10.53,97.81
163,16,+0.1250,122.56,145.32,94.73,8.37,2.01,3.22,4.75,10.55,97.73
164,16,+0.1250,122.38,145.42,94.81,8.39,2.02,3.23,4.74,10.53,97.81
165,16,-0.1875,122.64,145.56,94.70,8.42,2.01,3.24,4.75,10.50,97.70
166,16,+0.1875,122.38,145.69,94.81,8.39,2.02,3.23,4.77,10.53,97.81
167,16,+0.0000,122.38,145.69,94.81,8.39,2.02,3.23,4.77,10.53,97.81
168,16,+0.0000,122.38,145.69,94.81,8.39,2.02,3.23,4.77,10.53,97.81
169,16,+0.0000,122.38,145.69,94.81,8.39,2.02,3.23,4.77,10.53,97.81
170,16,+0.0625,122.47,145.74,94.84,8.38,2.01,3.23,4.77,10.52,97.77
171,16,+0.0000,122.47,145.74,94.84,8.38,2.01,3.23,4.77,10.52,97.77
172,16,-0.1250,122.30,145.83,94.92,8.37,2.01,3.24,4.76,10.50,97.70
173,16,+0.1250,122.47,145.92,94.99,8.35,2.01,3.23,4.77,10.48,97.62
174,16,+0.1250,122.30,146.01,94.92,8.37,2.02,3.23,4.76,10.47,97.55
175,16,-0.0625,122.21,146.05,94.95,8.37,2.02,3.23,4.76,10.46,97.52
176,16,+0.1250,122.04,145.96,94.88,8.36,2.03,3.24,4.77,10.44,97.45
177,16,+0.0000,122.04,145.96,94.88,8.36,2.03,3.24,4.77,10.44,97.45
178,16,+0.1875,121.79,146.10,94.77,8.38,2.04,3.25,4.75,10.41,97.55
179,16,+0.0000,121.79,146.10,94.77,8.38,2.04,3.25,4.75,10.41,97.55
180,16,+0.1250,121.62,146.01,94.70,8.40,2.03,3.26,4.74,10.39,97.48
181,16,+0.0625,121.54,145.97,94.74,8.41,2.03,3.27,4.75,10.39,97.52
182,16,-0.1250,121.37,145.88,94.81,8.43,2.02,3.26,4.74,10.40,97.45
183,16,+0.1875,121.12,145.75,94.70,8.45,2.03,3.24,4.73,10.38,97.34
184,16,+0.0000,121.12,145.75,94.70,8.45,2.03,3.24,4.73,10.38,97.34
185,16,-0.1250,121.28,145.83,94.77,8.44,2.02,3.23,4.72,10.39,97.41
186,16,+0.0000,121.28,145.83,94.77,8.44,2.02,3.23,4.72,10.39,97.41
187,16,+0.2500,121.61,146.01,94.63,8.40,2.01,3.25,4.73,10.36,97.55
188,16,+0.1875,121.37,146.14,94.53,8.38,2.00,3.26,4.75,10.39,97.65
189,16,+0.2500,121.70,146.31,94.39,8.34,2.02,3.25,4.73,10.35,97.52
190,16,-0.0625,121.78,146.35,94.36,8.33,2.02,3.25,4.73,10.34,97.55
191,16,+0.1250,121.61,146.44,94.43,8.32,2.01,3.24,4.73,10.36,97.62
192,16,-0.1250,121.45,146.35,94.49,8.30,2.00,3.23,4.73,10.34,97.55
193,16,+0.0000,121.45,146.35,94.49,8.30,2.00,3.23,4.73,10.34,97.55
194,16,+0.0000,121.45,146.35,94.49,8.30,2.00,3.23,4.73,10.34,97.55
195,16,+0.0000,121.45,146.35,94.49,8.30,2.00,3.23,4.73,10.34,97.55
196,16,-0.1250,121.61,146.44,94.43,8.28,2.01,3.23,4.73,10.33,97.62
197,16,-0.1875,121.85,146.56,94.53,8.31,2.03,3.24,4.75,10.30,97.52
198,16,-0.1250,122.01,146.48,94.60,8.29,2.02,3.25,4.74,10.32,97.45
199,16,+0.0000,122.01,146.48,94.60,8.29,2.02,3.25,4.74,10.32,97.45
200,16,+0.0000,122.01,146.48,94.60,8.29,2.02,3.25,4.74,10.32,97.45
201,16,+0.1250,121.85,146.56,94.66,8.27,2.03,3.26,4.75,10.33,97.52
202,16,+0.1250,122.01,146.65,94.73,8.26,2.02,3.26,4.74,10.35,97.58
203,16,+0.1250,121.85,146.56,94.80,8.24,2.01,3.27,4.73,10.33,97.52
204,16,+0.1250,122.01,146.48,94.73,8.22,2.02,3.28,4.74,10.32,97.45
205,16,-0.1875,121.78,146.36,94.83,8.20,2.00,3.29,4.75,10.34,97.55
206,16,+0.1875,121.54,146.23,94.93,8.17,2.00,3.28,4.74,10.32,97.65
207,16,-0.1250,121.70,146.31,94.99,8.16,2.01,3.27,4.75,10.33,97.58
208,16,+0.0000,121.70,146.31,94.99,8.16,2.01,3.27,4.75,10.33,97.58
209,16,+0.0625,121.62,146.27,95.03,8.15,2.00,3.27,4.75,10.33,97.55
210,16,-0.1875,121.39,146.40,94.93,8.17,2.02,3.26,4.76,10.35,97.65
211,16,+0.1250,121.54,146.31,94.86,8.19,2.02,3.25,4.77,10.37,97.58
212,16,+0.1875,121.77,146.19,94.77,8.21,2.01,3.24,4.76,10.39,97.48
213,16,+0.0625,121.70,146.23,94.73,8.22,2.01,3.23,4.76,10.40,97.45
214,16,-0.1250,121.54,146.15,94.67,8.21,2.02,3.22,4.77,10.38,97.52
215,16,+0.1250,121.39,146.23,94.60,8.22,2.01,3.22,4.76,10.40,97.58
216,16,+0.5625,120.70,145.87,94.89,8.29,2.00,3.25,4.73,10.33,97.87
217,16,+0.0625,120.77,145.83,94.86,8.30,2.00,3.25,4.73,10.32,97.90
218,16,+0.0000,120.77,145.83,94.86,8.30,2.00,3.25,4.73,10.32,97.90
219,16,+0.0625,120.85,145.79,94.89,8.29,2.00,3.25,4.73,10.33,97.94
220,16,+0.1875,120.62,145.67,94.99,8.32,2.02,3.26,4.75,10.30,98.03
221,16,+0.2500,120.32,145.83,94.86,8.35,2.03,3.25,4.76,10.33,97.91
222,16,-0.0625,120.40,145.87,94.83,8.34,2.04,3.25,4.76,10.34,97.87
223,16,+0.1250,120.55,145.95,94.89,8.33,2.04,3.24,4.75,10.36,97.81
224,16,+0.0625,120.47,145.91,94.93,8.32,2.04,3.24,4.75,10.35,97.78
225,16,-0.0625,120.55,145.95,94.96,8.33,2.04,3.24,4.76,10.36,97.81
226,16,-0.1875,120.32,146.07,95.05,8.35,2.02,3.23,4.75,10.33,97.71
227,16,-0.1875,120.10,145.95,95.15,8.33,2.04,3.22,4.73,10.36,97.81
228,16,+0.1250,119.95,145.87,95.08,8.34,2.04,3.21,4.73,10.34,97.87
229,16,+0.0625,119.87,145.83,95.12,8.35,2.04,3.21,4.73,10.35,97.84
230,16,+0.1250,119.72,145.91,95.05,8.37,2.03,3.22,4.74,10.37,97.90
231,16,+0.1250,119.58,145.83,95.12,8.38,2.02,3.21,4.75,10.38,97.97
232,16,-0.1250,119.43,145.91,95.18,8.40,2.03,3.20,4.74,10.40,97.90
233,16,-0.1875,119.65,146.03,95.08,8.42,2.04,3.21,4.73,10.42,98.00
234,16,+0.1250,119.80,146.10,95.02,8.44,2.05,3.20,4.73,10.44,98.06
235,16,+0.2500,120.09,145.95,94.90,8.40,2.04,3.19,4.75,10.40,97.94
236,16,-0.1875,119.87,145.83,94.81,8.43,2.02,3.20,4.74,10.43,97.84
237,16,+0.0625,119.94,145.79,94.77,8.44,2.02,3.20,4.74,10.42,97.87
238,16,-0.2500,119.65,145.95,94.65,8.47,2.04,3.21,4.76,10.45,98.00
239,16,+0.0000,119.65,145.95,94.65,8.47,2.04,3.21,4.76,10.45,98.00
240,16,-0.3125,120.02,146.14,94.50,8.50,2.02,3.23,4.74,10.49,98.15
241,16,-0.0625,120.09,146.10,94.53,8.51,2.02,3.23,4.73,10.48,98.18
242,16,-0.0625,120.02,146.14,94.50,8.50,2.02,3.23,4.74,10.47,98.21
243,16,+0.3750,120.45,146.37,94.32,8.55,2.05,3.21,4.76,10.43,98.03
244,16,-0.1250,120.31,146.29,94.26,8.57,2.04,3.22,4.77,10.41,97.97
245,16,-0.3125,120.67,146.10,94.10,8.60,2.02,3.20,4.75,10.45,98.12
246,16,-0.1250,120.81,146.03,94.04,8.62,2.01,3.20,4.76,10.44,98.18
247,16,-0.1250,120.67,145.95,94.10,8.60,2.01,3.21,4.75,10.45,98.12
248,16,+0.1250,120.81,146.03,94.04,8.62,2.00,3.22,4.76,10.47,98.18
249,16,-0.0625,120.74,145.99,94.01,8.63,2.00,3.22,4.75,10.47,98.15
250,16,+0.3750,121.17,146.21,93.83,8.58,2.00,3.19,4.73,10.52,98.33
251,16,+0.0000,121.17,146.21,93.83,8.58,2.00,3.19,4.73,10.52,98.33
252,16,+0.0000,121.17,146.21,93.83,8.58,2.00,3.19,4.73,10.52,98.33
253,16,+0.1875,121.38,146.33,93.74,8.56,2.00,3.20,4.72,10.50,98.42
254,16,+0.0625,121.45,146.36,93.77,8.57,2.00,3.20,4.72,10.50,98.39
255,16,+0.3125,121.10,146.55,93.62,8.60,2.00,3.22,4.74,10.54,98.54
256,16,-0.2500,120.81,146.40,93.51,8.57,2.00,3.23,4.73,10.51,98.66
257,16,+0.0000,120.81,146.40,93.51,8.57,2.00,3.23,4.73,10.51,98.66
258,16,+0.0000,120.81,146.40,93.51,8.57,2.00,3.23,4.73,10.51,98.66
259,16,+0.1250,120.67,146.33,93.56,8.59,2.00,3.23,4.72,10.53,98.60
260,16,+0.0625,120.60,146.29,93.59,8.60,2.00,3.22,4.72,10.53,98.57
261,16,+0.1250,120.74,146.22,93.54,8.58,2.01,3.22,4.73,10.55,98.63
262,16,-0.1250,120.60,146.14,93.48,8.57,2.00,3.21,4.74,10.56,98.69
263,16,-0.0625,120.53,146.11,93.45,8.56,2.00,3.20,4.74,10.57,98.71
264,16,-0.1250,120.40,146.18,93.51,8.54,2.01,3.21,4.73,10.58,98.66
265,16,-0.3125,120.05,146.00,93.36,8.51,2.00,3.23,4.75,10.62,98.51
266,16,-0.0625,120.12,146.03,93.33,8.52,2.00,3.23,4.75,10.63,98.54
267,16,-0.0625,120.19,146.07,93.30,8.51,2.00,3.23,4.75,10.64,98.57
268,16,-0.1250,120.05,146.14,93.24,8.52,2.01,3.22,4.75,10.65,98.63
269,16,+0.1250,119.91,146.07,93.19,8.54,2.00,3.23,4.76,10.64,98.57
270,16,-0.1875,120.12,145.96,93.27,8.52,2.01,3.24,4.77,10.61,98.48
271,16,-0.0625,120.05,145.93,93.24,8.52,2.01,3.24,4.78,10.62,98.45
272,16,+0.0000,120.05,145.93,93.24,8.52,2.01,3.24,4.78,10.62,98.45
273,16,+0.1250,119.91,145.85,93.30,8.54,2.00,3.23,4.77,10.61,98.40
274,16,-0.0625,119.98,145.82,93.27,8.53,2.01,3.23,4.77,10.60,98.42
275,16,-0.0625,120.05,145.78,93.24,8.52,2.01,3.23,4.77,10.59,98.40
276,16,+0.3125,120.39,145.60,93.10,8.56,2.03,3.25,4.76,10.63,98.25
277,16,+0.0625,120.32,145.57,93.07,8.55,2.03,3.25,4.75,10.64,98.28
278,16,+0.0000,120.32,145.57,93.07,8.55,2.03,3.25,4.75,10.64,98.28
279,16,-0.0625,120.25,145.53,93.10,8.54,2.03,3.26,4.75,10.64,98.25
280,16,+0.1250,120.39,145.60,93.04,8.56,2.04,3.26,4.74,10.66,98.20
281,16,+0.1875,120.19,145.71,93.13,8.54,2.05,3.27,4.73,10.64,98.28
282,16,-0.1875,120.39,145.60,93.04,8.52,2.06,3.28,4.74,10.66,98.20
283,16,+0.0625,120.32,145.57,93.07,8.52,2.06,3.29,4.74,10.65,98.17
284,16,+0.4375,119.85,145.81,93.27,8.47,2.09,3.31,4.71,10.70,97.97
285,16,+0.0625,119.92,145.85,93.30,8.47,2.09,3.32,4.72,10.71,97.94
286,16,+0.3125,120.25,145.67,93.44,8.43,2.07,3.33,4.74,10.74,97.80
287,16,+0.1250,120.12,145.74,93.49,8.42,2.06,3.34,4.73,10.73,97.75
288,16,+0.3750,120.52,145.95,93.66,8.46,2.04,3.36,4.71,10.77,97.91
289,16,-0.1250,120.39,146.02,93.72,8.45,2.05,3.37,4.70,10.75,97.97
290,16,+0.0000,120.39,146.02,93.72,8.45,2.05,3.37,4.70,10.75,97.97
291,16,-0.1250,120.25,146.09,93.66,8.43,2.06,3.36,4.71,10.74,97.91
292,16,+0.0000,120.25,146.09,93.66,8.43,2.06,3.36,4.71,10.74,97.91
293,16,-0.2500,119.99,145.95,93.77,8.46,2.04,3.37,4.69,10.71,98.03
294,16,+0.0000,119.99,145.95,93.77,8.46,2.04,3.37,4.69,10.71,98.03
295,16,+0.0000,119.99,145.95,93.77,8.46,2.04,3.37,4.69,10.71,98.03
296,16,+0.3125,119.66,146.13,93.91,8.42,2.06,3.36,4.68,10.68,98.16
297,16,+0.3750,120.05,146.33,93.75,8.47,2.04,3.34,4.66,10.64,98.00
298,16,-0.1250,120.19,146.40,93.80,8.45,2.03,3.33,4.65,10.65,97.94
299,16,-0.1250,120.05,146.47,93.86,8.44,2.03,3.32,4.66,10.66,97.89
300,16,+0.2500,120.32,146.61,93.75,8.47,2.04,3.34,4.64,10.64,97.78
301,16,-0.1250,120.19,146.54,93.69,8.48,2.03,3.34,4.65,10.65,97.83
302,16,-0.1250,120.06,146.47,93.75,8.49,2.03,3.34,4.66,10.64,97.78
303,16,-0.1250,120.18,146.54,93.80,8.51,2.02,3.33,4.66,10.62,97.72
304,16,-0.1875,120.38,146.64,93.72,8.49,2.03,3.34,4.65,10.64,97.81
305,16,+0.0625,120.31,146.68,93.75,8.48,2.03,3.34,4.66,10.65,97.78
306,16,+0.0000,120.31,146.68,93.75,8.48,2.03,3.34,4.66,10.65,97.78
307,16,-0.1250,120.19,146.61,93.69,8.47,2.02,3.34,4.65,10.66,97.72
308,16,+0.1875,119.99,146.51,93.77,8.49,2.03,3.35,4.64,10.68,97.81
309,16,-0.2500,120.25,146.37,93.88,8.51,2.04,3.37,4.65,10.71,97.70
310,16,-0.2500,120.51,146.51,93.77,8.54,2.03,3.35,4.64,10.68,97.59
311,16,-0.1250,120.38,146.44,93.83,8.53,2.02,3.36,4.63,10.70,97.54
312,16,+0.0625,120.31,146.47,93.80,8.52,2.03,3.36,4.63,10.70,97.56
313,16,-0.0625,120.38,146.44,93.77,8.53,2.03,3.36,4.63,10.70,97.54
314,16,+0.0625,120.31,146.47,93.75,8.52,2.03,3.36,4.63,10.70,97.51
315,16,+0.2500,120.57,146.61,93.85,8.49,2.04,3.35,4.62,10.68,97.62
316,16,+0.0625,120.50,146.57,93.88,8.49,2.04,3.35,4.62,10.67,97.64
317,16,-0.1250,120.38,146.64,93.83,8.50,2.04,3.35,4.61,10.66,97.59
318,16,+0.0625,120.31,146.67,93.85,8.51,2.04,3.36,4.62,10.66,97.62
319,16,+0.1250,120.19,146.61,93.91,8.49,2.03,3.36,4.61,10.68,97.56
320,16,+0.1875,120.38,146.51,93.99,8.51,2.02,3.37,4.62,10.66,97.64
321,16,-0.0625,120.31,146.47,94.01,8.51,2.02,3.37,4.62,10.65,97.62
322,16,+0.1250,120.44,146.41,93.96,8.49,2.03,3.38,4.62,10.66,97.56
323,16,-0.1250,120.57,146.47,93.91,8.51,2.02,3.37,4.61,10.65,97.51
324,16,-0.1250,120.69,146.41,93.96,8.49,2.01,3.38,4.62,10.64,97.56
325,16,+0.4375,120.25,146.18,93.78,8.45,2.04,3.35,4.59,10.59,97.38
326,16,+0.1250,120.13,146.24,93.83,8.43,2.04,3.36,4.59,10.58,97.43
327,16,+0.0000,120.13,146.24,93.83,8.43,2.04,3.36,4.59,10.58,97.43
328,16,+0.1250,120.25,146.31,93.88,8.42,2.05,3.37,4.59,10.57,97.48
329,16,-0.1250,120.13,146.24,93.83,8.43,2.04,3.36,4.60,10.58,97.43
330,16,+0.0625,120.07,146.21,93.85,8.43,2.05,3.36,4.60,10.57,97.41
331,16,+0.0000,120.07,146.21,93.85,8.43,2.05,3.36,4.60,10.57,97.41
332,16,-0.1250,120.19,146.15,93.80,8.44,2.05,3.37,4.60,10.59,97.46
333,16,+0.0625,120.25,146.18,93.78,8.45,2.05,3.37,4.61,10.59,97.48
334,16,+0.0625,120.19,146.21,93.80,8.44,2.05,3.38,4.61,10.59,97.46
335,16,+0.0625,120.13,146.18,93.83,8.45,2.05,3.37,4.61,10.59,97.48
336,16,+0.0625,120.07,146.15,93.80,8.45,2.05,3.38,4.60,10.60,97.51
337,16,-0.0625,120.13,146.11,93.78,8.46,2.04,3.37,4.60,10.61,97.48
338,16,+0.0625,120.07,146.15,93.80,8.47,2.05,3.37,4.60,10.61,97.51
339,16,+0.1250,119.94,146.08,93.85,8.45,2.04,3.38,4.60,10.60,97.56
340,16,-0.0625,119.88,146.11,93.88,8.45,2.04,3.37,4.61,10.59,97.53
341,16,-0.0625,119.82,146.15,93.91,8.45,2.04,3.38,4.60,10.59,97.51
342,16,+0.0000,119.82,146.15,93.91,8.45,2.04,3.38,4.60,10.59,97.51
343,16,+0.0000,119.82,146.15,93.91,8.45,2.04,3.38,4.60,10.59,97.51
344,16,+0.0000,119.82,146.15,93.91,8.45,2.04,3.38,4.60,10.59,97.51
345,16,+0.1250,119.94,146.08,93.85,8.47,2.03,3.37,4.61,10.57,97.56
346,16,-0.1250,120.07,146.15,93.80,8.45,2.03,3.38,4.62,10.59,97.61
347,16,+0.0625,120.13,146.18,93.83,8.46,2.02,3.37,4.62,10.59,97.59
348,16,+0.2500,120.37,146.05,93.73,8.43,2.04,3.39,4.61,10.57,97.69
349,16,+0.1250,120.49,146.11,93.78,8.45,2.04,3.39,4.61,10.55,97.74
350,16,-0.1875,120.31,146.21,93.70,8.43,2.03,3.38,4.62,10.53,97.81
351,16,+0.1875,120.49,146.30,93.78,8.45,2.04,3.39,4.63,10.52,97.89
352,16,+0.0625,120.55,146.27,93.75,8.45,2.04,3.39,4.63,10.51,97.87
353,16,-0.1250,120.67,146.34,93.70,8.47,2.03,3.38,4.64,10.50,97.81
354,16,-0.3125,120.97,146.49,93.83,8.50,2.05,3.40,4.66,10.47,97.94
355,16,+0.0625,120.91,146.46,93.85,8.50,2.05,3.40,4.65,10.46,97.92
356,16,+0.0000,120.91,146.46,93.85,8.50,2.05,3.40,4.65,10.46,97.92
357,16,+0.0000,120.91,146.46,93.85,8.50,2.05,3.40,4.65,10.46,97.92
358,16,+0.1250,120.79,146.40,93.90,8.52,2.04,3.39,4.65,10.45,97.87
359,16,-0.1250,120.91,146.34,93.85,8.50,2.03,3.40,4.65,10.46,97.92
360,16,+0.0625,120.85,146.37,93.83,8.50,2.03,3.39,4.65,10.45,97.89
361,16,-0.1875,121.03,146.27,93.75,8.48,2.04,3.38,4.66,10.47,97.82
362,16,-0.1250,120.91,146.34,93.70,8.47,2.03,3.38,4.65,10.46,97.87
363,16,+0.3125,120.61,146.18,93.58,8.50,2.02,3.36,4.67,10.43,97.99
364,16,-0.0625,120.67,146.21,93.55,8.50,2.02,3.36,4.67,10.43,98.02
365,16,-0.1250,120.55,146.27,93.50,8.52,2.01,3.36,4.67,10.45,98.06
366,16,+0.0000,120.55,146.27,93.50,8.52,2.01,3.36,4.67,10.45,98.06
367,16,+0.0625,120.49,146.30,93.48,8.52,2.01,3.36,4.67,10.45,98.09
368,16,+0.2500,120.73,146.18,93.38,8.50,2.00,3.37,4.69,10.43,98.19
369,16,-0.1250,120.61,146.12,93.43,8.51,2.01,3.36,4.69,10.44,98.24
370,16,+0.1875,120.44,146.21,93.50,8.49,2.02,3.35,4.68,10.46,98.16
371,16,+0.0625,120.49,146.24,93.53,8.49,2.01,3.36,4.68,10.45,98.14
372,16,-0.1250,120.61,146.18,93.58,8.50,2.02,3.35,4.67,10.47,98.09
373,16,-0.0625,120.67,146.21,93.60,8.50,2.02,3.35,4.67,10.46,98.07
374,16,+0.0625,120.73,146.18,93.58,8.50,2.02,3.35,4.67,10.47,98.09
375,16,+0.0625,120.67,146.21,93.55,8.50,2.02,3.35,4.67,10.47,98.07
376,16,+0.0625,120.73,146.24,93.58,8.50,2.01,3.36,4.67,10.47,98.04
377,16,-0.0625,120.79,146.27,93.60,8.50,2.02,3.35,4.68,10.46,98.02
378,16,-0.1250,120.90,146.21,93.55,8.49,2.02,3.35,4.67,10.47,98.07
379,16,-0.1875,121.08,146.30,93.48,8.47,2.01,3.34,4.66,10.49,97.99
380,16,-0.0625,121.13,146.27,93.46,8.47,2.02,3.34,4.66,10.48,97.97
381,16,-0.0625,121.08,146.24,93.48,8.47,2.02,3.34,4.66,10.48,97.99
382,16,+0.1875,120.90,146.33,93.41,8.49,2.01,3.33,4.67,10.50,97.92
383,16,-0.3750,120.56,146.52,93.55,8.46,2.03,3.31,4.65,10.53,98.06
384,16,+0.1875,120.73,146.42,93.48,8.47,2.02,3.32,4.64,10.51,97.99
385,16,+0.1250,120.62,146.49,93.53,8.49,2.01,3.32,4.64,10.53,98.04
386,16,-0.1250,120.50,146.42,93.48,8.47,2.02,3.33,4.64,10.51,97.99
387,16,+0.1250,120.61,146.36,93.43,8.46,2.01,3.32,4.65,10.53,97.94
388,16,-0.1875,120.44,146.27,93.36,8.48,2.02,3.32,4.66,10.54,97.87
389,16,+0.1250,120.56,146.33,93.31,8.47,2.03,3.32,4.65,10.56,97.82
390,16,+0.0625,120.50,146.36,93.29,8.46,2.03,3.32,4.65,10.56,97.80
391,16,-0.3125,120.22,146.51,93.41,8.49,2.05,3.31,4.67,10.53,97.92
392,16,+0.3125,120.50,146.66,93.29,8.52,2.03,3.32,4.65,10.50,98.04
393,16,-0.0625,120.44,146.63,93.31,8.53,2.03,3.32,4.65,10.51,98.06
394,16,+0.0000,120.44,146.63,93.31,8.53,2.03,3.32,4.65,10.51,98.06
395,16,+0.1250,120.56,146.69,93.26,8.52,2.02,3.33,4.65,10.52,98.02
396,16,+0.0625,120.50,146.72,93.29,8.51,2.02,3.33,4.64,10.53,98.04
397,16,+0.0000,120.50,146.72,93.29,8.51,2.02,3.33,4.64,10.53,98.04
398,16,+0.2500,120.73,146.84,93.19,8.53,2.04,3.34,4.63,10.50,97.94
399,16,+0.1250,120.61,146.78,93.14,8.52,2.03,3.34,4.63,10.49,97.90
400,16,-0.0625,120.56,146.75,93.17,8.52,2.03,3.33,4.62,10.48,97.87
401,16,+0.0000,120.56,146.75,93.17,8.52,2.03,3.33,4.62,10.48,97.87
402,16,-0.1875,120.39,146.84,93.10,8.50,2.02,3.32,4.61,10.47,97.94
403,16,-0.0625,120.44,146.81,93.12,8.50,2.02,3.32,4.62,10.46,97.92
404,16,+0.1250,120.33,146.87,93.07,8.49,2.01,3.33,4.61,10.47,97.87
405,16,-0.1250,120.44,146.93,93.03,8.50,2.02,3.32,4.61,10.48,97.92
406,16,-0.1250,120.33,146.87,92.98,8.49,2.02,3.33,4.61,10.50,97.97
407,16,+0.0625,120.28,146.90,93.00,8.50,2.02,3.33,4.61,10.50,97.99
408,16,+0.0000,120.28,146.90,93.00,8.50,2.02,3.33,4.61,10.50,97.99
409,16,+0.0625,120.33,146.87,93.03,8.49,2.03,3.33,4.61,10.51,97.97
410,16,+0.2500,120.11,146.99,92.93,8.52,2.02,3.34,4.62,10.48,97.87
411,16,+0.0625,120.05,146.96,92.96,8.51,2.01,3.34,4.62,10.49,97.85
412,16,+0.0000,120.05,146.96,92.96,8.51,2.01,3.34,4.62,10.49,97.85
413,16,+0.1875,120.22,146.87,92.89,8.53,2.00,3.33,4.63,10.51,97.92
414,16,+0.1875,120.39,146.96,92.82,8.54,2.01,3.32,4.64,10.49,97.99
415,16,+0.1250,120.50,146.90,92.86,8.53,2.01,3.31,4.63,10.48,98.04
416,16,-0.0625,120.44,146.93,92.84,8.53,2.00,3.32,4.63,10.48,98.06
417,16,+0.0625,120.39,146.90,92.86,8.53,2.00,3.32,4.63,10.49,98.04
418,16,-0.0625,120.33,146.87,92.89,8.53,2.00,3.32,4.63,10.48,98.06
419,16,+0.0625,120.28,146.84,92.91,8.53,2.00,3.31,4.63,10.48,98.08
420,16,+0.0000,120.28,146.84,92.91,8.53,2.00,3.31,4.63,10.48,98.08
421,16,-0.0625,120.22,146.81,92.89,8.53,2.00,3.31,4.62,10.48,98.06
422,16,-0.0625,120.17,146.79,92.91,8.52,2.00,3.31,4.62,10.49,98.04
423,16,-0.1875,120.00,146.87,92.84,8.54,2.00,3.32,4.61,10.47,98.11
424,16,+0.0000,120.00,146.87,92.84,8.54,2.00,3.32,4.61,10.47,98.11
425,16,+0.1875,120.17,146.79,92.77,8.56,2.00,3.31,4.60,10.49,98.18
426,16,-0.0625,120.22,146.76,92.75,8.56,2.00,3.32,4.60,10.48,98.15
427,16,+0.1875,120.06,146.84,92.82,8.54,2.00,3.32,4.59,10.47,98.22
428,16,+0.1250,120.17,146.79,92.86,8.53,2.01,3.33,4.59,10.48,98.27
429,16,-0.0625,120.22,146.81,92.84,8.54,2.01,3.33,4.58,10.48,98.29
430,16,+0.2500,120.44,146.70,92.75,8.52,2.00,3.34,4.59,10.51,98.20
431,16,-0.0625,120.38,146.73,92.77,8.52,2.00,3.34,4.60,10.51,98.18
432,16,+0.1875,120.55,146.64,92.84,8.54,2.00,3.33,4.59,10.53,98.11
433,16,-0.0625,120.60,146.61,92.86,8.54,2.00,3.33,4.59,10.54,98.13
434,16,+0.1250,120.71,146.56,92.82,8.56,2.01,3.32,4.58,10.55,98.18
435,16,-0.0625,120.76,146.53,92.79,8.56,2.00,3.32,4.58,10.55,98.15
436,16,+0.0625,120.82,146.56,92.82,8.56,2.00,3.32,4.58,10.55,98.18
437,16,+0.4375,121.19,146.36,92.66,8.52,2.00,3.34,4.60,10.59,98.33
438,16,+0.1250,121.09,146.30,92.70,8.53,2.00,3.34,4.59,10.60,98.38
439,16,-0.1250,120.98,146.25,92.66,8.52,2.00,3.33,4.59,10.59,98.33
440,16,+0.1250,120.87,146.19,92.70,8.53,2.00,3.33,4.58,10.58,98.38
441,16,+0.2500,120.66,146.30,92.61,8.55,2.00,3.34,4.59,10.55,98.47
442,16,+0.3750,120.98,146.47,92.75,8.58,2.02,3.36,4.61,10.52,98.34
443,16,-0.0625,121.03,146.50,92.73,8.58,2.01,3.36,4.61,10.52,98.36
444,16,-0.1250,120.93,146.44,92.77,8.57,2.01,3.35,4.60,10.51,98.31
445,16,-0.1875,120.76,146.53,92.84,8.55,2.00,3.34,4.59,10.53,98.25
446,16,-0.2500,120.55,146.64,92.93,8.57,2.00,3.36,4.58,10.55,98.33
447,16,-0.1875,120.39,146.72,92.86,8.56,2.01,3.35,4.58,10.57,98.27
448,16,+0.0000,120.39,146.72,92.86,8.56,2.01,3.35,4.58,10.57,98.27
449,16,+0.0625,120.34,146.70,92.84,8.56,2.01,3.34,4.58,10.56,98.29
450,16,+0.0625,120.28,146.72,92.82,8.57,2.00,3.34,4.58,10.56,98.27
451,16,+0.0625,120.23,146.70,92.84,8.57,2.00,3.34,4.58,10.56,98.29
452,16,-0.1875,120.07,146.61,92.77,8.56,2.01,3.33,4.59,10.58,98.22
453,16,+0.3750,119.75,146.78,92.91,8.59,2.03,3.31,4.60,10.55,98.36
454,16,-0.2500,119.54,146.67,92.82,8.57,2.04,3.30,4.59,10.57,98.27
455,16,-0.1875,119.70,146.59,92.88,8.58,2.04,3.31,4.58,10.59,98.33
456,16,+0.0000,119.70,146.59,92.88,8.58,2.04,3.31,4.58,10.59,98.33
457,16,+0.2500,119.49,146.70,92.97,8.61,2.06,3.30,4.57,10.56,98.25
458,16,+0.3125,119.23,146.83,92.86,8.58,2.07,3.31,4.59,10.54,98.36
459,16,-0.1250,119.33,146.78,92.91,8.59,2.06,3.31,4.58,10.53,98.40
460,16,-0.3750,119.02,146.61,93.04,8.56,2.05,3.33,4.56,10.49,98.27
461,16,+0.0000,119.02,146.61,93.04,8.56,2.05,3.33,4.56,10.49,98.27
462,16,+0.0000,119.02,146.61,93.04,8.56,2.05,3.33,4.56,10.49,98.27
463,16,-0.0625,119.07,146.59,93.06,8.56,2.05,3.33,4.56,10.50,98.29
464,16,+0.0000,119.07,146.59,93.06,8.56,2.05,3.33,4.56,10.50,98.29
465,16,+0.1875,118.91,146.50,92.99,8.55,2.04,3.32,4.55,10.51,98.22
466,16,+0.1250,118.81,146.45,93.04,8.53,2.04,3.31,4.55,10.53,98.27
467,16,-0.0625,118.76,146.42,93.02,8.54,2.04,3.31,4.55,10.52,98.25
468,16,+0.1875,118.60,146.50,92.95,8.52,2.03,3.32,4.54,10.54,98.31
469,16,+0.0625,118.65,146.53,92.97,8.53,2.03,3.32,4.54,10.54,98.29
470,16,-0.1875,118.81,146.45,93.04,8.55,2.03,3.33,4.53,10.53,98.36
471,16,-0.0625,118.86,146.42,93.02,8.54,2.02,3.33,4.53,10.53,98.33
472,16,-0.0625,118.91,146.45,92.99,8.55,2.03,3.33,4.53,10.53,98.36
473,16,+0.0625,118.96,146.48,92.97,8.54,2.03,3.33,4.53,10.53,98.33
474,16,+0.0000,118.96,146.48,92.97,8.54,2.03,3.33,4.53,10.53,98.33
475,16,+0.0625,118.91,146.45,92.99,8.55,2.03,3.33,4.53,10.54,98.31
476,16,+0.0625,118.96,146.48,93.02,8.55,2.03,3.33,4.53,10.54,98.29
477,16,+0.0000,118.96,146.48,93.02,8.55,2.03,3.33,4.53,10.54,98.29
478,16,-0.0625,118.91,146.50,93.04,8.56,2.03,3.33,4.53,10.55,98.27
479,16,-0.1875,118.76,146.58,93.10,8.57,2.03,3.33,4.53,10.56,98.33
480,16,-0.1875,118.60,146.50,93.04,8.59,2.03,3.34,4.54,10.58,98.40
481,16,+0.2500,118.81,146.61,92.95,8.61,2.04,3.35,4.53,10.56,98.49
482,16,+0.0000,118.81,146.61,92.95,8.61,2.04,3.35,4.53,10.56,98.49
483,16,-0.1250,118.71,146.56,92.99,8.62,2.04,3.36,4.53,10.57,98.53
484,16,+0.0000,118.71,146.56,92.99,8.62,2.04,3.36,4.53,10.57,98.53
485,16,+0.0000,118.71,146.56,92.99,8.62,2.04,3.36,4.53,10.57,98.53
486,16,-0.0625,118.76,146.58,92.97,8.62,2.04,3.36,4.52,10.56,98.51
487,16,+0.3125,119.01,146.72,92.86,8.59,2.06,3.37,4.51,10.59,98.61
488,16,-0.1250,119.11,146.66,92.82,8.58,2.05,3.37,4.52,10.58,98.66
489,16,+0.0625,119.06,146.69,92.80,8.58,2.05,3.37,4.52,10.57,98.68
490,16,+0.1250,119.17,146.75,92.76,8.59,2.06,3.36,4.52,10.58,98.72
491,16,-0.1875,119.01,146.66,92.69,8.58,2.06,3.35,4.53,10.57,98.79
492,16,+0.1250,118.91,146.72,92.74,8.57,2.06,3.35,4.53,10.56,98.74
493,16,+0.0625,118.96,146.75,92.76,8.57,2.06,3.35,4.52,10.56,98.72
494,16,-0.0625,119.01,146.77,92.78,8.57,2.06,3.35,4.52,10.56,98.70
495,16,-0.2500,119.22,146.88,92.86,8.59,2.05,3.34,4.51,10.58,98.79
496,16,+0.1250,119.32,146.93,92.82,8.60,2.04,3.33,4.50,10.57,98.83
497,16,+0.2500,119.52,146.83,92.91,8.58,2.05,3.32,4.49,10.55,98.74
498,16,+0.2500,119.72,146.93,92.82,8.56,2.06,3.33,4.48,10.57,98.83
499,16,-0.1250,119.82,146.98,92.78,8.55,2.06,3.33,4.49,10.56,98.87
500,16,+0.0000,119.82,146.98,92.78,8.55,2.06,3.33,4.49,10.56,98.87
501,16,+0.1875,119.97,147.06,92.72,8.56,2.07,3.33,4.48,10.57,98.93
502,16,-0.0625,119.92,147.09,92.69,8.57,2.06,3.34,4.48,10.58,98.96
503,16,+0.1250,119.82,147.04,92.74,8.56,2.07,3.34,4.47,10.57,98.91
504,16,+0.1250,119.92,147.09,92.69,8.55,2.06,3.34,4.47,10.58,98.96
505,16,+0.0000,119.92,147.09,92.69,8.55,2.06,3.34,4.47,10.58,98.96
506,16,+0.1250,120.02,147.14,92.74,8.56,2.07,3.33,4.46,10.59,99.00
507,16,+0.0625,120.07,147.12,92.76,8.55,2.07,3.33,4.46,10.59,98.98
508,16,-0.0625,120.02,147.09,92.78,8.56,2.07,3.33,4.46,10.59,98.96
509,16,-0.1250,119.92,147.14,92.82,8.57,2.07,3.33,4.46,10.58,98.91
510,16,+0.1250,120.02,147.20,92.86,8.56,2.07,3.32,4.46,10.57,98.87
511,16,-0.1875,120.17,147.12,92.93,8.57,2.08,3.31,4.47,10.55,98.93
512,16,+0.1250,120.07,147.17,92.88,8.58,2.08,3.32,4.48,10.54,98.89
513,16,-0.1250,120.17,147.22,92.93,8.59,2.08,3.31,4.47,10.53,98.93
514,16,+0.0625,120.22,147.20,92.90,8.59,2.08,3.32,4.47,10.54,98.96
515,16,+0.1875,120.07,147.27,92.97,8.57,2.07,3.31,4.48,10.55,98.89
516,16,+0.0625,120.02,147.25,92.95,8.58,2.07,3.31,4.48,10.55,98.91
517,16,+0.2500,120.22,147.35,92.86,8.60,2.06,3.32,4.49,10.53,98.83
518,16,+0.0625,120.27,147.38,92.88,8.60,2.06,3.32,4.49,10.52,98.85
519,16,-0.2500,120.07,147.48,92.80,8.62,2.07,3.31,4.50,10.54,98.77
520,16,+0.2500,119.88,147.38,92.88,8.65,2.06,3.32,4.51,10.56,98.68
521,16,-0.0625,119.93,147.40,92.86,8.64,2.06,3.32,4.51,10.56,98.71
522,16,+0.0000,119.93,147.40,92.86,8.64,2.06,3.32,4.51,10.56,98.71
523,16,+0.0625,119.97,147.43,92.84,8.65,2.06,3.32,4.51,10.56,98.73
524,16,+0.0000,119.97,147.43,92.84,8.65,2.06,3.32,4.51,10.56,98.73
525,16,-0.3125,120.22,147.30,92.95,8.67,2.07,3.33,4.50,10.54,98.83
526,16,+0.3750,119.93,147.15,92.82,8.64,2.08,3.35,4.51,10.57,98.71
527,16,+0.1250,120.02,147.20,92.78,8.65,2.08,3.35,4.51,10.56,98.66
528,16,-0.0625,120.07,147.17,92.80,8.65,2.08,3.35,4.51,10.56,98.64
529,16,+0.0000,120.07,147.17,92.80,8.65,2.08,3.35,4.51,10.56,98.64
530,16,-0.1250,119.97,147.22,92.84,8.64,2.08,3.35,4.51,10.57,98.68
531,16,+0.0000,119.97,147.22,92.84,8.64,2.08,3.35,4.51,10.57,98.68
532,16,-0.1875,120.12,147.30,92.90,8.62,2.07,3.36,4.51,10.59,98.62
533,16,+0.1250,120.22,147.25,92.95,8.63,2.08,3.35,4.52,10.60,98.66
534,16,+0.0000,120.22,147.25,92.95,8.63,2.08,3.35,4.52,10.60,98.66
535,16,-0.0625,120.27,147.22,92.92,8.62,2.08,3.35,4.52,10.60,98.68
536,16,+0.0000,120.27,147.22,92.92,8.62,2.08,3.35,4.52,10.60,98.68
537,16,+0.0625,120.32,147.20,92.90,8.62,2.08,3.36,4.52,10.61,98.71
538,16,+0.1875,120.46,147.27,92.84,8.64,2.08,3.35,4.53,10.62,98.64
539,16,+0.0000,120.46,147.27,92.84,8.64,2.08,3.35,4.53,10.62,98.64
540,16,+0.0625,120.51,147.25,92.86,8.64,2.08,3.35,4.52,10.63,98.66
541,16,-0.2500,120.32,147.35,92.78,8.62,2.09,3.36,4.51,10.61,98.58
542,16,-0.0625,120.27,147.38,92.80,8.61,2.09,3.36,4.51,10.60,98.60
543,16,-0.1250,120.37,147.43,92.76,8.62,2.09,3.37,4.52,10.59,98.56
544,16,+0.1875,120.51,147.35,92.82,8.64,2.08,3.36,4.52,10.61,98.62
545,16,-0.2500,120.70,147.45,92.90,8.62,2.09,3.35,4.51,10.59,98.70
546,16,+0.0000,120.70,147.45,92.90,8.62,2.09,3.35,4.51,10.59,98.70
547,16,+0.1250,120.61,147.40,92.94,8.63,2.09,3.35,4.52,10.60,98.66
548,16,-0.2500,120.80,147.50,93.03,8.65,2.08,3.36,4.51,10.58,98.75
549,16,+0.3125,120.56,147.63,92.92,8.68,2.07,3.37,4.52,10.55,98.85
550,16,-0.0625,120.51,147.61,92.94,8.67,2.07,3.37,4.52,10.55,98.87
551,16,+0.3125,120.27,147.48,92.84,8.65,2.09,3.38,4.54,10.52,98.77
552,16,-0.0625,120.32,147.50,92.82,8.65,2.09,3.38,4.53,10.53,98.79
553,16,-0.1875,120.18,147.58,92.76,8.67,2.08,3.39,4.53,10.51,98.73
554,16,+0.2500,120.37,147.48,92.84,8.65,2.09,3.38,4.52,10.53,98.81
555,16,+0.0625,120.32,147.50,92.82,8.64,2.09,3.38,4.52,10.54,98.79
556,16,+0.1875,120.46,147.43,92.88,8.66,2.08,3.37,4.53,10.52,98.73
557,16,-0.0625,120.51,147.45,92.86,8.65,2.08,3.37,4.52,10.53,98.75
558,16,-0.1250,120.41,147.40,92.90,8.66,2.09,3.37,4.53,10.54,98.79
559,16,+0.1875,120.27,147.48,92.96,8.68,2.08,3.36,4.54,10.55,98.85
560,16,+0.2500,120.08,147.58,93.04,8.66,2.09,3.37,4.53,10.53,98.77
561,16,-0.0625,120.13,147.60,93.02,8.66,2.09,3.37,4.52,10.53,98.79
562,16,-0.2500,119.94,147.70,93.10,8.68,2.10,3.36,4.53,10.51,98.71
563,16,+0.0000,119.94,147.70,93.10,8.68,2.10,3.36,4.53,10.51,98.71
564,16,-0.1875,119.80,147.78,93.04,8.70,2.10,3.35,4.53,10.49,98.77
565,16,+0.1875,119.94,147.85,93.10,8.71,2.10,3.36,4.52,10.48,98.83
566,16,+0.1875,120.08,147.93,93.04,8.73,2.10,3.37,4.51,10.49,98.89
567,16,+0.1250,119.99,147.98,93.08,8.72,2.10,3.37,4.52,10.48,98.85
568,16,+0.0625,119.94,147.95,93.10,8.72,2.10,3.37,4.51,10.49,98.87
569,16,-0.1250,120.03,147.90,93.14,8.71,2.10,3.37,4.52,10.48,98.91
570,16,-0.2500,120.22,148.00,93.22,8.69,2.11,3.38,4.51,10.46,98.98
571,16,+0.0000,120.22,148.00,93.22,8.69,2.11,3.38,4.51,10.46,98.98
572,16,+0.0625,120.17,148.03,93.24,8.70,2.11,3.38,4.51,10.45,98.96
573,16,+0.1875,120.32,147.95,93.18,8.71,2.12,3.37,4.50,10.47,99.02
574,16,-0.0625,120.27,147.98,93.16,8.72,2.12,3.37,4.50,10.46,99.04
575,16,+0.0000,120.27,147.98,93.16,8.72,2.12,3.37,4.50,10.46,99.04
576,16,-0.1875,120.13,148.05,93.22,8.70,2.11,3.38,4.50,10.45,98.98
577,16,-0.0625,120.08,148.03,93.24,8.70,2.11,3.37,4.51,10.44,98.97
578,16,+0.0625,120.13,148.00,93.26,8.70,2.11,3.37,4.50,10.45,98.98
579,16,+0.0000,120.13,148.00,93.26,8.70,2.11,3.37,4.50,10.45,98.98
580,16,+0.1250,120.22,147.95,93.30,8.69,2.11,3.38,4.51,10.44,98.95
581,16,-0.2500,120.41,148.05,93.22,8.67,2.10,3.39,4.50,10.42,98.87
582,16,+0.0000,120.41,148.05,93.22,8.67,2.10,3.39,4.50,10.42,98.87
583,16,+0.1875,120.27,148.13,93.16,8.69,2.10,3.39,4.51,10.43,98.81
584,16,+0.0625,120.32,148.10,93.14,8.69,2.10,3.39,4.50,10.43,98.79
585,16,+0.0000,120.32,148.10,93.14,8.69,2.10,3.39,4.50,10.43,98.79
586,16,+0.2500,120.50,148.00,93.22,8.67,2.11,3.38,4.49,10.45,98.87
587,16,-0.0625,120.46,148.03,93.20,8.67,2.11,3.38,4.50,10.45,98.89
588,16,+0.0625,120.50,148.05,93.18,8.66,2.11,3.38,4.50,10.45,98.91
589,16,+0.0625,120.46,148.08,93.16,8.67,2.12,3.37,4.50,10.45,98.89
590,16,-0.0625,120.50,148.10,93.14,8.66,2.11,3.37,4.50,10.45,98.87
591,16,-0.0625,120.46,148.13,93.13,8.67,2.12,3.37,4.50,10.45,98.89
592,16,+0.0000,120.46,148.13,93.13,8.67,2.12,3.37,4.50,10.45,98.89
593,16,-0.3750,120.18,147.98,93.01,8.70,2.10,3.36,4.48,10.48,99.00
594,16,+0.1250,120.08,148.03,92.97,8.71,2.10,3.35,4.49,10.47,98.96
595,16,+0.0000,120.08,148.03,92.97,8.71,2.10,3.35,4.49,10.47,98.96
596,16,+0.3750,120.36,147.88,92.85,8.68,2.08,3.34,4.47,10.50,98.85
597,16,+0.0000,120.36,147.88,92.85,8.68,2.08,3.34,4.47,10.50,98.85
598,16,+0.2500,120.18,147.98,92.77,8.70,2.09,3.35,4.48,10.48,98.92
599,16,-0.1250,120.27,147.93,92.81,8.69,2.10,3.35,4.49,10.47,98.96
600,16,-0.3750,119.99,147.79,92.70,8.71,2.11,3.33,4.47,10.44,98.85
601,16,+0.0000,119.99,147.79,92.70,8.71,2.11,3.33,4.47,10.44,98.85
602,16,+0.1875,120.13,147.71,92.76,8.73,2.12,3.34,4.48,10.43,98.79
603,16,+0.0625,120.09,147.74,92.77,8.72,2.12,3.34,4.48,10.42,98.81
604,16,-0.1250,120.18,147.79,92.74,8.71,2.11,3.33,4.48,10.41,98.85
605,16,-0.0625,120.22,147.76,92.72,8.72,2.11,3.33,4.48,10.41,98.87
606,16,+0.0000,120.22,147.76,92.72,8.72,2.11,3.33,4.48,10.41,98.87
607,16,+0.1250,120.13,147.71,92.68,8.73,2.11,3.32,4.48,10.40,98.83
608,16,-0.2500,120.31,147.81,92.60,8.71,2.10,3.33,4.47,10.42,98.75
609,16,-0.0625,120.27,147.83,92.62,8.71,2.10,3.34,4.46,10.42,98.77
610,16,-0.2500,120.09,147.74,92.54,8.70,2.09,3.33,4.47,10.41,98.85
611,16,-0.0625,120.04,147.76,92.52,8.70,2.09,3.33,4.47,10.41,98.87
612,16,-0.1875,120.18,147.83,92.58,8.71,2.08,3.32,4.48,10.42,98.92
613,16,+0.1250,120.27,147.79,92.54,8.72,2.09,3.33,4.47,10.41,98.96
614,16,+0.1250,120.36,147.74,92.51,8.71,2.08,3.32,4.47,10.41,98.92
615,16,-0.0625,120.40,147.71,92.52,8.72,2.08,3.32,4.47,10.40,98.94
616,16,+0.0000,120.40,147.71,92.52,8.72,2.08,3.32,4.47,10.40,98.94
617,16,-0.3125,120.18,147.59,92.43,8.70,2.10,3.31,4.48,10.38,98.85
618,16,+0.0625,120.22,147.57,92.45,8.69,2.10,3.30,4.48,10.37,98.83
619,16,+0.0625,120.18,147.55,92.47,8.69,2.10,3.30,4.47,10.37,98.81
620,16,+0.2500,120.00,147.64,92.54,8.67,2.11,3.29,4.48,10.35,98.73
621,16,-0.0625,119.95,147.62,92.52,8.66,2.10,3.29,4.48,10.34,98.71
622,16,+0.0000,119.95,147.62,92.52,8.66,2.10,3.29,4.48,10.34,98.71
623,16,+0.2500,119.77,147.71,92.45,8.64,2.11,3.29,4.47,10.32,98.79
624,16,-0.1875,119.91,147.78,92.51,8.66,2.11,3.28,4.46,10.31,98.85
625,16,+0.0000,119.91,147.78,92.51,8.66,2.11,3.28,4.46,10.31,98.85
626,16,+0.1250,120.00,147.74,92.47,8.65,2.10,3.28,4.47,10.30,98.81
627,16,-0.1875,119.86,147.81,92.52,8.66,2.11,3.29,4.48,10.29,98.87
628,16,-0.2500,119.68,147.90,92.60,8.64,2.12,3.30,4.47,10.27,98.79
629,16,-0.1875,119.82,147.83,92.54,8.66,2.11,3.31,4.46,10.25,98.85
630,16,-0.0625,119.77,147.86,92.56,8.65,2.11,3.30,4.46,10.25,98.83
631,16,+0.0000,119.77,147.86,92.56,8.65,2.11,3.30,4.46,10.25,98.83
632,16,+0.1250,119.86,147.81,92.52,8.64,2.12,3.30,4.46,10.26,98.87
633,16,+0.1250,119.77,147.86,92.49,8.65,2.11,3.29,4.45,10.27,98.83
634,16,+0.1250,119.68,147.81,92.45,8.66,2.11,3.29,4.45,10.28,98.87
635,16,+0.0000,119.68,147.81,92.45,8.66,2.11,3.29,4.45,10.28,98.87
636,16,-0.1250,119.77,147.86,92.49,8.65,2.10,3.29,4.44,10.27,98.83
637,16,+0.0000,119.77,147.86,92.49,8.65,2.10,3.29,4.44,10.27,98.83
638,16,-0.2500,119.95,147.76,92.41,8.63,2.11,3.29,4.43,10.25,98.90
639,16,-0.1875,119.82,147.83,92.35,8.65,2.11,3.30,4.44,10.23,98.96
640,16,-0.0625,119.86,147.81,92.37,8.65,2.10,3.30,4.44,10.23,98.94
641,16,-0.1250,119.77,147.86,92.41,8.64,2.10,3.30,4.45,10.22,98.90
642,16,-0.2500,119.59,147.76,92.34,8.66,2.09,3.29,4.44,10.20,98.98
643,16,+0.0625,119.64,147.79,92.32,8.66,2.09,3.29,4.44,10.20,99.00
644,16,-0.0625,119.59,147.76,92.30,8.66,2.09,3.29,4.44,10.20,98.98
645,16,+0.1250,119.50,147.72,92.34,8.65,2.09,3.29,4.45,10.19,99.02
646,16,-0.0625,119.46,147.74,92.32,8.65,2.09,3.29,4.44,10.19,99.00
647,16,-0.2500,119.28,147.83,92.24,8.63,2.08,3.30,4.44,10.17,99.07
648,16,+0.3125,119.06,147.95,92.15,8.61,2.09,3.31,4.45,10.19,98.98
649,16,+0.0625,119.11,147.93,92.17,8.61,2.09,3.31,4.44,10.20,99.00
650,16,+0.1250,119.19,147.88,92.21,8.62,2.10,3.32,4.44,10.19,99.03
651,16,-0.1250,119.28,147.93,92.24,8.63,2.10,3.32,4.44,10.18,99.07
652,16,-0.0625,119.33,147.90,92.22,8.63,2.10,3.32,4.45,10.17,99.05
653,16,-0.3125,119.11,148.02,92.13,8.61,2.09,3.31,4.44,10.15,99.15
654,16,+0.0625,119.15,148.04,92.11,8.62,2.09,3.31,4.43,10.16,99.16
655,16,-0.1875,119.28,148.11,92.06,8.63,2.10,3.32,4.43,10.17,99.11
656,16,-0.1250,119.19,148.16,92.09,8.62,2.11,3.32,4.43,10.18,99.15
657,16,+0.0000,119.19,148.16,92.09,8.62,2.11,3.32,4.43,10.18,99.15
658,16,+0.1875,119.06,148.23,92.04,8.63,2.10,3.33,4.44,10.16,99.09
659,16,-0.0625,119.02,148.20,92.06,8.64,2.10,3.33,4.44,10.16,99.07
660,16,+0.1250,118.93,148.25,92.09,8.63,2.10,3.33,4.43,10.17,99.11
661,16,+0.1250,118.84,148.30,92.13,8.62,2.09,3.33,4.43,10.18,99.07
662,16,+0.1250,118.76,148.25,92.09,8.63,2.10,3.34,4.43,10.17,99.11
663,16,-0.0625,118.80,148.23,92.11,8.62,2.10,3.34,4.43,10.17,99.09
664,16,-0.1875,118.67,148.30,92.06,8.61,2.11,3.33,4.44,10.19,99.04
665,16,+0.0000,118.67,148.30,92.06,8.61,2.11,3.33,4.44,10.19,99.04
666,16,+0.1875,118.80,148.36,92.11,8.62,2.10,3.34,4.43,10.17,98.98
667,16,+0.1875,118.67,148.43,92.17,8.64,2.11,3.34,4.42,10.16,99.04
668,16,+0.1250,118.75,148.39,92.13,8.65,2.10,3.34,4.42,10.15,99.00
669,16,+0.1250,118.84,148.43,92.09,8.66,2.11,3.34,4.41,10.16,99.04
670,16,+0.2500,119.02,148.34,92.17,8.64,2.12,3.35,4.42,10.18,99.11
671,16,+0.0625,118.97,148.36,92.19,8.64,2.12,3.35,4.42,10.17,99.09
672,16,+0.1250,118.89,148.32,92.15,8.63,2.12,3.35,4.42,10.16,99.13
673,16,-0.3125,118.67,148.20,92.06,8.66,2.13,3.33,4.41,10.14,99.22
674,16,-0.0625,118.63,148.23,92.08,8.66,2.14,3.33,4.41,10.15,99.24
675,16,-0.2500,118.80,148.14,92.00,8.64,2.13,3.32,4.40,10.13,99.31
676,16,+0.0625,118.76,148.16,92.02,8.65,2.13,3.33,4.40,10.13,99.33
677,16,-0.1250,118.84,148.20,92.06,8.64,2.12,3.33,4.39,10.14,99.36
678,16,+0.0625,118.80,148.23,92.04,8.64,2.12,3.33,4.40,10.14,99.35
679,16,+0.1875,118.93,148.30,91.98,8.63,2.13,3.32,4.40,10.15,99.40
680,16,+0.3125,119.14,148.18,92.08,8.65,2.14,3.33,4.41,10.13,99.49
681,16,-0.2500,118.97,148.09,92.15,8.63,2.13,3.34,4.41,10.11,99.56
682,16,-0.0625,119.02,148.11,92.17,8.63,2.13,3.34,4.40,10.11,99.58
683,16,+0.0000,119.02,148.11,92.17,8.63,2.13,3.34,4.40,10.11,99.58
684,16,+0.1250,119.10,148.16,92.20,8.64,2.13,3.34,4.40,10.11,99.62
685,16,-0.1875,118.97,148.23,92.26,8.65,2.13,3.35,4.41,10.12,99.56
686,16,+0.3125,119.19,148.34,92.17,8.67,2.14,3.36,4.42,10.10,99.47
687,16,+0.1875,119.32,148.27,92.22,8.66,2.13,3.35,4.41,10.11,99.53
688,16,-0.1250,119.23,148.23,92.18,8.67,2.14,3.35,4.41,10.12,99.56
689,16,-0.1875,119.36,148.16,92.24,8.66,2.13,3.36,4.42,10.13,99.51
690,16,-0.0625,119.32,148.14,92.26,8.65,2.13,3.36,4.42,10.14,99.49
691,16,+0.0625,119.27,148.11,92.24,8.66,2.13,3.36,4.42,10.14,99.51
692,16,-0.0625,119.32,148.14,92.22,8.66,2.13,3.36,4.42,10.15,99.53
693,16,-0.1875,119.19,148.20,92.17,8.67,2.12,3.37,4.43,10.16,99.58
694,16,+0.3750,119.44,148.34,92.06,8.70,2.14,3.38,4.44,10.13,99.47
695,16,-0.1250,119.36,148.38,92.02,8.69,2.13,3.38,4.44,10.12,99.51
696,16,+0.0000,119.36,148.38,92.02,8.69,2.13,3.38,4.44,10.12,99.51
697,16,+0.0625,119.32,148.36,92.04,8.69,2.14,3.38,4.45,10.12,99.49
698,16,+0.1250,119.40,148.41,92.08,8.70,2.13,3.39,4.44,10.13,99.46
699,16,+0.1875,119.53,148.34,92.02,8.68,2.12,3.38,4.43,10.14,99.40
700,16,+0.1250,119.44,148.29,92.06,8.67,2.13,3.37,4.43,10.13,99.37
701,16,-0.1875,119.32,148.23,92.11,8.69,2.14,3.38,4.42,10.15,99.31
702,16,-0.2500,119.49,148.32,92.18,8.67,2.14,3.37,4.41,10.13,99.38
703,16,+0.0000,119.49,148.32,92.18,8.67,2.14,3.37,4.41,10.13,99.38
704,16,+0.0625,119.53,148.34,92.20,8.67,2.14,3.37,4.42,10.13,99.37
705,16,+0.0000,119.53,148.34,92.20,8.67,2.14,3.37,4.42,10.13,99.37
706,16,+0.0625,119.57,148.36,92.18,8.68,2.14,3.38,4.42,10.14,99.35
707,16,-0.1250,119.66,148.32,92.15,8.69,2.14,3.38,4.41,10.13,99.38
708,16,-0.0625,119.70,148.29,92.13,8.69,2.13,3.38,4.41,10.13,99.37
709,16,+0.0625,119.74,148.27,92.11,8.69,2.13,3.38,4.41,10.14,99.35
710,16,+0.1250,119.83,148.32,92.08,8.70,2.14,3.37,4.42,10.15,99.38
711,16,-0.2500,119.66,148.23,92.01,8.68,2.14,3.36,4.43,10.16,99.31
712,16,+0.0000,119.66,148.23,92.01,8.68,2.14,3.36,4.43,10.16,99.31
713,16,-0.0625,119.61,148.21,91.99,8.67,2.14,3.37,4.43,10.16,99.30
714,16,+0.3125,119.40,148.09,92.08,8.65,2.15,3.38,4.41,10.14,99.21
715,16,+0.0625,119.36,148.07,92.06,8.65,2.15,3.37,4.42,10.14,99.22
716,16,+0.1250,119.28,148.12,92.02,8.64,2.15,3.38,4.41,10.15,99.26
717,16,+0.2500,119.11,148.03,91.95,8.66,2.14,3.37,4.40,10.17,99.19
718,16,+0.4375,119.40,147.87,92.08,8.69,2.12,3.39,4.42,10.20,99.31
719,16,+0.1250,119.49,147.83,92.04,8.70,2.13,3.39,4.42,10.21,99.35
720,16,-0.0625,119.53,147.85,92.06,8.69,2.12,3.39,4.42,10.21,99.33
721,16,+0.1250,119.45,147.90,92.02,8.70,2.13,3.40,4.43,10.20,99.37
722,16,-0.2500,119.61,147.98,91.95,8.68,2.12,3.41,4.42,10.22,99.30
723,16,+0.1875,119.49,147.92,92.01,8.67,2.13,3.41,4.41,10.23,99.24
724,16,-0.0625,119.45,147.94,92.02,8.67,2.13,3.41,4.41,10.24,99.26
725,16,+0.1250,119.36,147.98,91.99,8.66,2.13,3.41,4.40,10.25,99.22
726,16,-0.1250,119.28,147.94,91.95,8.67,2.13,3.41,4.41,10.24,99.26
727,16,+0.0625,119.24,147.92,91.97,8.66,2.13,3.41,4.41,10.23,99.24
728,16,+0.1875,119.11,147.98,91.92,8.65,2.13,3.42,4.40,10.25,99.19
729,16,-0.1250,119.03,147.94,91.95,8.66,2.13,3.42,4.41,10.24,99.15
730,16,-0.3125,118.82,148.05,91.87,8.64,2.14,3.43,4.40,10.22,99.24
731,16,-0.0625,118.86,148.07,91.88,8.63,2.14,3.44,4.39,10.21,99.22
732,16,+0.0625,118.82,148.09,91.87,8.63,2.14,3.44,4.39,10.21,99.21
733,16,+0.2500,118.99,148.18,91.80,8.61,2.14,3.43,4.38,10.23,99.14
734,16,+0.0000,118.99,148.18,91.80,8.61,2.14,3.43,4.38,10.23,99.14
735,16,-0.2500,118.82,148.27,91.87,8.59,2.15,3.44,4.39,10.21,99.21
736,16,-0.1875,118.69,148.33,91.92,8.60,2.15,3.45,4.39,10.22,99.15
737,16,-0.0625,118.74,148.36,91.94,8.61,2.15,3.44,4.38,10.22,99.17
738,16,-0.2500,118.90,148.44,91.87,8.63,2.16,3.43,4.38,10.23,99.10
739,16,+0.1250,118.82,148.49,91.90,8.62,2.15,3.43,4.37,10.24,99.14
740,16,+0.0625,118.78,148.51,91.88,8.61,2.15,3.43,4.37,10.24,99.15
741,16,+0.0625,118.74,148.49,91.90,8.62,2.15,3.43,4.37,10.23,99.17
742,16,-0.0625,118.69,148.47,91.92,8.62,2.16,3.42,4.37,10.23,99.15
743,16,+0.1250,118.78,148.42,91.88,8.63,2.16,3.43,4.36,10.24,99.19
744,16,+0.0625,118.82,148.44,91.87,8.63,2.16,3.43,4.37,10.24,99.21
745,16,-0.0625,118.86,148.42,91.88,8.63,2.16,3.43,4.36,10.24,99.19
746,16,-0.0625,118.82,148.44,91.87,8.63,2.16,3.43,4.37,10.23,99.17
747,16,+0.0000,118.82,148.44,91.87,8.63,2.16,3.43,4.37,10.23,99.17
748,16,+0.0000,118.82,148.44,91.87,8.63,2.16,3.43,4.37,10.23,99.17
749,16,-0.1250,118.74,148.40,91.90,8.62,2.16,3.43,4.36,10.23,99.21
750,16,+0.0000,118.74,148.40,91.90,8.62,2.16,3.43,4.36,10.23,99.21
751,16,-0.3750,118.98,148.27,91.80,8.59,2.17,3.45,4.37,10.25,99.31
752,16,-0.3750,119.23,148.14,91.69,8.62,2.16,3.46,4.36,10.23,99.41
753,16,-0.1875,119.11,148.21,91.64,8.63,2.16,3.47,4.36,10.21,99.36
754,16,-0.1250,119.19,148.16,91.68,8.64,2.17,3.47,4.36,10.22,99.40
755,16,-0.3125,118.98,148.05,91.59,8.66,2.16,3.46,4.37,10.20,99.48
756,16,+0.1875,119.11,148.12,91.64,8.65,2.15,3.45,4.36,10.21,99.54
757,16,+0.0625,119.15,148.10,91.66,8.64,2.15,3.46,4.37,10.21,99.55
758,16,-0.3125,118.94,148.20,91.57,8.62,2.14,3.47,4.36,10.19,99.64
759,16,+0.0000,118.94,148.20,91.57,8.62,2.14,3.47,4.36,10.19,99.64
760,16,-0.0625,118.98,148.23,91.55,8.63,2.14,3.47,4.35,10.18,99.62
761,16,+0.0000,118.98,148.23,91.55,8.63,2.14,3.47,4.35,10.18,99.62
762,16,-0.0625,118.94,148.25,91.54,8.63,2.15,3.47,4.36,10.19,99.64
763,16,+0.1250,118.86,148.29,91.50,8.62,2.14,3.47,4.35,10.18,99.67
764,16,-0.0625,118.90,148.31,91.49,8.62,2.14,3.47,4.35,10.18,99.69
765,16,+0.0000,118.90,148.31,91.49,8.62,2.14,3.47,4.35,10.18,99.69
766,16,-0.0625,118.86,148.33,91.47,8.61,2.14,3.48,4.35,10.19,99.67
767,16,+0.0625,118.82,148.31,91.49,8.61,2.14,3.48,4.34,10.19,99.69
768,16,+0.1875,118.70,148.38,91.54,8.62,2.14,3.48,4.34,10.18,99.64
769,16,+0.0625,118.66,148.36,91.52,8.63,2.14,3.48,4.34,10.17,99.66
770,16,+0.0000,118.66,148.36,91.52,8.63,2.14,3.48,4.34,10.17,99.66
771,16,-0.0625,118.62,148.38,91.54,8.62,2.13,3.48,4.33,10.17,99.67
772,16,+0.1875,118.50,148.44,91.49,8.61,2.13,3.49,4.34,10.18,99.62
773,22,-0.0455,118.52,148.43,91.47,8.61,2.13,3.49,4.34,10.19,99.61
774,16,-0.1875,118.40,148.49,91.52,8.59,2.12,3.50,4.36,10.17,99.56
775,16,+0.0625,118.44,148.47,91.51,8.60,2.12,3.49,4.35,10.17,99.58
776,16,+0.3125,118.65,148.57,91.42,8.62,2.11,3.50,4.37,10.15,99.49
777,16,-0.4375,118.93,148.43,91.30,8.59,2.10,3.49,4.40,10.12,99.37
778,16,+0.0625,118.89,148.45,91.29,8.59,2.09,3.49,4.41,10.12,99.35
779,16,-0.0625,118.93,148.43,91.30,8.60,2.09,3.49,4.41,10.12,99.34
780,16,+0.0625,118.89,148.45,91.29,8.60,2.09,3.49,4.42,10.11,99.32
781,16,+0.0000,118.89,148.45,91.29,8.60,2.09,3.49,4.42,10.11,99.32
782,16,+0.3125,118.69,148.55,91.37,8.62,2.10,3.50,4.44,10.13,99.41
783,16,+0.0000,118.69,148.55,91.37,8.62,2.10,3.50,4.44,10.13,99.41
784,16,+0.0625,118.73,148.53,91.39,8.62,2.10,3.50,4.44,10.14,99.42
785,16,+0.0625,118.69,148.51,91.40,8.61,2.10,3.51,4.44,10.14,99.44
786,16,+0.1875,118.81,148.45,91.46,8.60,2.09,3.50,4.42,10.16,99.39
787,16,-0.3750,118.57,148.32,91.35,8.63,2.08,3.51,4.40,10.13,99.49
788,16,-0.0625,118.53,148.34,91.34,8.63,2.08,3.51,4.40,10.13,99.51
789,16,+0.1250,118.61,148.30,91.37,8.62,2.09,3.52,4.41,10.12,99.54
790,16,+0.0000,118.61,148.30,91.37,8.62,2.09,3.52,4.41,10.12,99.54
791,16,-0.0625,118.65,148.32,91.39,8.63,2.09,3.52,4.42,10.11,99.52
792,16,+0.0000,118.65,148.32,91.39,8.63,2.09,3.52,4.42,10.11,99.52
793,16,+0.0000,118.65,148.32,91.39,8.63,2.09,3.52,4.42,10.11,99.52
794,16,+0.1875,118.77,148.26,91.34,8.64,2.10,3.52,4.40,10.10,99.47
795,16,-0.0625,118.73,148.24,91.32,8.64,2.09,3.52,4.41,10.10,99.49
796,16,+0.2500,118.89,148.32,91.39,8.66,2.10,3.53,4.42,10.08,99.42
797,16,+0.1875,119.01,148.26,91.34,8.67,2.11,3.52,4.44,10.09,99.47
798,16,+0.0000,119.01,148.26,91.34,8.67,2.11,3.52,4.44,10.09,99.47
799,16,-0.1250,119.09,148.21,91.30,8.68,2.11,3.52,4.45,10.10,99.51
800,16,-0.3750,118.85,148.34,91.20,8.66,2.10,3.53,4.42,10.13,99.61
801,16,-0.1875,118.97,148.40,91.15,8.67,2.09,3.54,4.41,10.14,99.66
802,16,+0.0000,118.97,148.40,91.15,8.67,2.09,3.54,4.41,10.14,99.66
803,16,-0.0625,119.01,148.42,91.14,8.67,2.10,3.54,4.41,10.14,99.67
804,16,-0.0625,118.97,148.40,91.15,8.66,2.10,3.54,4.42,10.15,99.66
805,16,-0.1250,118.89,148.45,91.19,8.65,2.10,3.54,4.41,10.14,99.62
806,16,-0.1250,118.81,148.49,91.15,8.64,2.10,3.54,4.40,10.15,99.59
807,16,+0.0625,118.85,148.47,91.14,8.64,2.10,3.54,4.40,10.14,99.57
808,16,-0.0625,118.81,148.45,91.12,8.64,2.10,3.54,4.39,10.14,99.56
809,16,+0.1250,118.73,148.49,91.09,8.65,2.10,3.54,4.40,10.13,99.59
810,16,+0.3125,118.93,148.38,91.00,8.67,2.09,3.55,4.38,10.11,99.67
811,16,-0.2500,119.09,148.47,90.94,8.69,2.10,3.56,4.40,10.09,99.61
812,16,+0.1875,118.97,148.53,90.99,8.70,2.11,3.55,4.38,10.08,99.66
813,16,+0.0625,118.93,148.51,91.00,8.71,2.11,3.55,4.38,10.08,99.64
814,16,-0.1875,119.05,148.57,91.05,8.72,2.10,3.55,4.37,10.10,99.59
815,16,+0.2500,118.89,148.65,90.99,8.74,2.11,3.56,4.35,10.08,99.52
816,16,+0.0000,118.89,148.65,90.99,8.74,2.11,3.56,4.35,10.08,99.52
817,16,+0.1250,118.81,148.70,91.02,8.73,2.12,3.57,4.36,10.09,99.49
818,16,+0.0625,118.85,148.72,91.04,8.72,2.12,3.56,4.36,10.09,99.47
819,16,-0.0625,118.81,148.74,91.05,8.72,2.12,3.57,4.36,10.09,99.46
820,16,+0.0625,118.77,148.76,91.07,8.72,2.11,3.56,4.36,10.08,99.44
821,16,+0.1250,118.85,148.80,91.10,8.71,2.11,3.56,4.37,10.09,99.47
822,16,+0.1875,118.73,148.86,91.15,8.69,2.12,3.57,4.38,10.08,99.42
823,16,-0.1875,118.61,148.92,91.20,8.71,2.11,3.57,4.39,10.07,99.47
824,16,+0.5000,118.30,149.09,91.07,8.67,2.09,3.56,4.36,10.03,99.34
825,16,+0.1875,118.42,149.15,91.02,8.66,2.09,3.55,4.35,10.05,99.39
826,16,-0.0625,118.38,149.13,91.00,8.67,2.09,3.55,4.35,10.05,99.38
827,16,-0.0625,118.34,149.11,90.99,8.67,2.09,3.55,4.36,10.05,99.36
828,16,+0.1875,118.22,149.05,90.94,8.66,2.08,3.56,4.37,10.06,99.41
829,16,-0.2500,118.38,148.96,90.87,8.67,2.09,3.55,4.39,10.04,99.47
830,16,+0.1875,118.26,148.90,90.92,8.69,2.09,3.54,4.37,10.06,99.42
831,16,+0.0000,118.26,148.90,90.92,8.69,2.09,3.54,4.37,10.06,99.42
832,16,+0.0625,118.30,148.88,90.94,8.69,2.09,3.54,4.38,10.06,99.41
833,16,-0.0625,118.26,148.86,90.95,8.69,2.09,3.54,4.37,10.06,99.39
834,16,+0.3125,118.45,148.76,90.87,8.67,2.08,3.55,4.35,10.04,99.47
835,16,+0.0000,118.45,148.76,90.87,8.67,2.08,3.55,4.35,10.04,99.47
836,16,-0.4375,118.18,148.90,90.99,8.70,2.09,3.56,4.32,10.01,99.59
837,16,-0.1875,118.06,148.84,91.04,8.69,2.10,3.57,4.31,10.03,99.64
838,16,-0.1250,117.99,148.80,91.07,8.68,2.10,3.56,4.30,10.02,99.61
839,16,+0.0000,117.99,148.80,91.07,8.68,2.10,3.56,4.30,10.02,99.61
840,16,-0.1875,118.10,148.74,91.02,8.67,2.09,3.56,4.32,10.03,99.56
841,16,+0.2500,118.26,148.66,90.95,8.69,2.10,3.57,4.33,10.01,99.62
842,16,+0.1250,118.18,148.70,90.92,8.68,2.10,3.56,4.34,10.01,99.59
843,16,+0.0625,118.14,148.72,90.94,8.67,2.10,3.56,4.35,10.01,99.57
844,16,-0.0625,118.18,148.74,90.92,8.67,2.10,3.56,4.34,10.01,99.59
845,16,-0.1875,118.30,148.68,90.97,8.68,2.11,3.57,4.35,9.99,99.54
846,16,+0.0625,118.26,148.66,90.99,8.68,2.11,3.57,4.35,9.99,99.56
847,16,+0.0625,118.30,148.68,90.97,8.68,2.10,3.57,4.35,9.99,99.57
848,16,+0.3750,118.53,148.80,90.87,8.66,2.12,3.56,4.38,10.02,99.67
849,16,+0.0000,118.53,148.80,90.87,8.66,2.12,3.56,4.38,10.02,99.67
850,16,-0.0625,118.49,148.78,90.89,8.65,2.12,3.55,4.38,10.02,99.65
851,16,+0.0625,118.53,148.80,90.90,8.66,2.12,3.55,4.38,10.02,99.64
852,16,-0.0625,118.57,148.78,90.89,8.65,2.12,3.55,4.37,10.01,99.65
853,16,+0.0000,118.57,148.78,90.89,8.65,2.12,3.55,4.37,10.01,99.65
854,16,+0.3750,118.80,148.90,90.99,8.63,2.13,3.54,4.35,10.04,99.75
855,16,+0.1250,118.72,148.94,90.95,8.62,2.13,3.55,4.36,10.03,99.72
856,16,+0.1250,118.65,148.90,90.92,8.61,2.13,3.55,4.37,10.02,99.75
857,16,-0.0625,118.61,148.88,90.94,8.61,2.13,3.55,4.36,10.03,99.74
858,16,-0.0625,118.65,148.86,90.95,8.60,2.13,3.55,4.36,10.03,99.72
859,16,+0.3750,118.41,148.74,90.86,8.58,2.14,3.54,4.38,10.01,99.82
860,16,+0.0000,118.41,148.74,90.86,8.58,2.14,3.54,4.38,10.01,99.82
861,16,-0.3750,118.18,148.62,90.95,8.60,2.16,3.55,4.36,10.03,99.91
862,16,+0.0000,118.18,148.62,90.95,8.60,2.16,3.55,4.36,10.03,99.91
863,16,+0.0625,118.22,148.64,90.97,8.60,2.15,3.55,4.35,10.03,99.90
864,16,-0.0625,118.18,148.62,90.99,8.60,2.16,3.55,4.36,10.03,99.91
865,16,-0.0625,118.15,148.64,90.97,8.60,2.15,3.55,4.35,10.03,99.90
866,16,-0.0625,118.18,148.66,90.99,8.60,2.15,3.55,4.35,10.04,99.88
867,16,-0.2500,118.34,148.58,90.92,8.62,2.14,3.55,4.37,10.02,99.95
868,16,+0.1875,118.45,148.52,90.97,8.61,2.14,3.54,4.38,10.01,99.90
869,16,-0.3125,118.26,148.42,91.05,8.63,2.13,3.55,4.40,10.03,99.98
870,16,+0.2500,118.11,148.50,91.11,8.61,2.14,3.56,4.41,10.05,99.91
871,16,+0.0000,118.11,148.50,91.11,8.61,2.14,3.56,4.41,10.05,99.91
872,16,+0.1250,118.18,148.46,91.15,8.62,2.14,3.55,4.41,10.05,99.95
873,16,+0.1250,118.11,148.50,91.18,8.63,2.14,3.56,4.41,10.05,99.98
874,16,+0.0000,118.11,148.50,91.18,8.63,2.14,3.56,4.41,10.05,99.98
875,16,+0.0000,118.11,148.50,91.18,8.63,2.14,3.56,4.41,10.05,99.98
876,16,-0.1250,118.18,148.46,91.15,8.62,2.14,3.56,4.42,10.05,100.01
877,16,+0.0000,118.18,148.46,91.15,8.62,2.14,3.56,4.42,10.05,100.01
878,16,+0.0000,118.18,148.46,91.15,8.62,2.14,3.56,4.42,10.05,100.01
879,16,+0.2500,118.03,148.54,91.08,8.60,2.13,3.55,4.44,10.04,100.07
880,16,+0.1875,117.92,148.48,91.13,8.59,2.13,3.56,4.45,10.03,100.03
881,16,-0.1250,117.84,148.52,91.10,8.60,2.12,3.56,4.46,10.03,100.06
882,16,-0.0625,117.88,148.50,91.11,8.60,2.12,3.55,4.46,10.03,100.04
883,16,-0.0625,117.92,148.52,91.10,8.60,2.12,3.55,4.46,10.03,100.06
884,16,+0.0000,117.92,148.52,91.10,8.60,2.12,3.55,4.46,10.03,100.06
885,16,+0.0000,117.92,148.52,91.10,8.60,2.12,3.55,4.46,10.03,100.06
886,16,+0.1875,117.80,148.58,91.05,8.59,2.12,3.55,4.47,10.02,100.01
887,16,+0.0000,117.80,148.58,91.05,8.59,2.12,3.55,4.47,10.02,100.01
888,16,-0.1875,117.92,148.52,91.00,8.58,2.12,3.54,4.46,10.03,99.96
889,16,+0.0625,117.88,148.50,90.99,8.57,2.12,3.54,4.45,10.03,99.98
890,16,+0.1875,117.77,148.56,91.03,8.58,2.11,3.54,4.44,10.04,100.03
891,16,-0.1875,117.65,148.50,91.08,8.60,2.12,3.54,4.45,10.03,99.98
892,16,+0.0000,117.65,148.50,91.08,8.60,2.12,3.54,4.45,10.03,99.98
893,16,-0.1250,117.58,148.54,91.05,8.59,2.12,3.53,4.46,10.04,99.95
894,16,-0.1250,117.50,148.50,91.02,8.58,2.12,3.54,4.45,10.05,99.98
895,16,+0.0625,117.46,148.52,91.00,8.58,2.12,3.54,4.46,10.05,99.99
896,16,+0.0000,117.46,148.52,91.00,8.58,2.12,3.54,4.46,10.05,99.99
897,16,+0.0000,117.46,148.52,91.00,8.58,2.12,3.54,4.46,10.05,99.99
898,16,-0.1875,117.35,148.58,91.05,8.57,2.13,3.53,4.47,10.06,100.04
899,16,+0.0625,117.31,148.56,91.03,8.57,2.13,3.54,4.47,10.07,100.06
900,16,+0.1250,117.24,148.60,91.00,8.56,2.12,3.54,4.47,10.06,100.09
901,16,+0.0625,117.28,148.62,90.99,8.56,2.12,3.54,4.47,10.06,100.10
902,16,+0.1875,117.39,148.68,91.03,8.55,2.12,3.54,4.46,10.07,100.15
903,16,-0.0625,117.43,148.69,91.02,8.54,2.12,3.54,4.46,10.07,100.14
904,16,+0.3125,117.61,148.79,90.94,8.56,2.13,3.53,4.48,10.05,100.22
905,16,-0.1250,117.54,148.75,90.91,8.57,2.13,3.52,4.49,10.06,100.18
906,16,-0.1250,117.61,148.71,90.88,8.58,2.13,3.52,4.48,10.05,100.15
907,16,-0.3125,117.43,148.81,90.96,8.56,2.12,3.51,4.50,10.07,100.23
908,16,-0.0625,117.46,148.79,90.97,8.56,2.12,3.51,4.50,10.07,100.25
909,16,-0.1250,117.54,148.75,91.00,8.57,2.12,3.50,4.49,10.06,100.22
910,16,+0.1875,117.65,148.70,91.05,8.58,2.12,3.51,4.48,10.05,100.17
911,16,-0.1250,117.58,148.66,91.02,8.59,2.12,3.51,4.47,10.05,100.20
912,16,-0.0625,117.54,148.68,91.00,8.59,2.12,3.52,4.47,10.06,100.22
913,16,-0.1875,117.65,148.73,90.96,8.58,2.11,3.51,4.46,10.07,100.17
914,16,-0.0625,117.69,148.71,90.97,8.58,2.11,3.51,4.47,10.07,100.15
915,16,+0.0625,117.65,148.73,90.99,8.59,2.11,3.51,4.47,10.07,100.14
916,16,-0.0625,117.69,148.75,90.97,8.59,2.11,3.51,4.47,10.07,100.12
917,16,-0.2500,117.84,148.83,91.03,8.58,2.10,3.50,4.45,10.09,100.06
918,16,-0.0625,117.80,148.85,91.05,8.57,2.10,3.50,4.45,10.09,100.04
919,16,+0.0000,117.80,148.85,91.05,8.57,2.10,3.50,4.45,10.09,100.04
920,16,-0.0625,117.76,148.83,91.07,8.57,2.10,3.50,4.46,10.08,100.03
921,16,-0.1250,117.69,148.79,91.03,8.58,2.11,3.51,4.47,10.09,100.00
922,16,+0.0000,117.69,148.79,91.03,8.58,2.11,3.51,4.47,10.09,100.00
923,16,+0.0625,117.73,148.77,91.05,8.57,2.11,3.51,4.46,10.09,100.01
924,16,-0.2500,117.58,148.70,91.11,8.56,2.10,3.51,4.48,10.08,100.07
925,16,-0.1875,117.69,148.75,91.07,8.55,2.11,3.51,4.49,10.09,100.12
926,16,+0.0000,117.69,148.75,91.07,8.55,2.11,3.51,4.49,10.09,100.12
927,16,-0.0625,117.73,148.77,91.08,8.55,2.10,3.51,4.49,10.09,100.14
928,16,-0.0625,117.69,148.75,91.10,8.55,2.10,3.51,4.48,10.10,100.15
929,16,-0.0625,117.73,148.77,91.08,8.56,2.10,3.51,4.48,10.09,100.17
930,16,+0.0625,117.69,148.79,91.10,8.56,2.10,3.50,4.48,10.10,100.15
931,16,+0.0000,117.69,148.79,91.10,8.56,2.10,3.50,4.48,10.10,100.15
932,16,-0.0625,117.73,148.77,91.11,8.57,2.10,3.51,4.49,10.10,100.17
933,16,-0.1250,117.80,148.81,91.14,8.57,2.11,3.50,4.48,10.11,100.20
934,16,+0.0625,117.84,148.79,91.13,8.57,2.11,3.50,4.47,10.11,100.21
935,16,+0.1250,117.91,148.83,91.10,8.58,2.10,3.51,4.48,10.12,100.25
936,16,-0.1250,117.98,148.79,91.13,8.58,2.11,3.51,4.47,10.13,100.21
937,16,-0.0625,118.02,148.81,91.11,8.59,2.10,3.51,4.48,10.12,100.20
938,16,+0.2500,118.17,148.89,91.17,8.57,2.11,3.52,4.49,10.11,100.14
939,16,+0.0000,118.17,148.89,91.17,8.57,2.11,3.52,4.49,10.11,100.14
940,16,+0.0625,118.20,148.91,91.16,8.57,2.11,3.52,4.49,10.11,100.15
941,16,+0.0625,118.24,148.93,91.17,8.57,2.11,3.52,4.49,10.10,100.17
942,16,-0.1250,118.17,148.97,91.20,8.57,2.11,3.53,4.49,10.09,100.14
943,16,-0.1250,118.24,149.01,91.24,8.56,2.10,3.52,4.48,10.10,100.11
944,16,-0.1250,118.31,148.97,91.20,8.57,2.10,3.52,4.49,10.11,100.07
945,16,-0.2500,118.17,148.89,91.27,8.58,2.11,3.53,4.47,10.09,100.01
946,16,+0.1250,118.09,148.93,91.30,8.59,2.11,3.52,4.46,10.09,100.04
947,16,+0.1250,118.02,148.97,91.33,8.58,2.11,3.53,4.47,10.08,100.07
948,16,-0.1250,117.95,149.01,91.36,8.59,2.10,3.52,4.48,10.07,100.11
949,16,-0.0625,117.91,148.99,91.34,8.58,2.10,3.52,4.47,10.07,100.12
950,16,-0.1875,118.02,149.04,91.30,8.60,2.10,3.53,4.46,10.09,100.17
951,16,-0.3125,118.20,148.95,91.22,8.58,2.11,3.52,4.48,10.10,100.09
952,16,+0.1875,118.09,148.89,91.27,8.57,2.10,3.51,4.47,10.09,100.14
953,16,-0.0625,118.13,148.91,91.25,8.56,2.10,3.51,4.47,10.10,100.12
954,16,+0.1250,118.06,148.87,91.22,8.57,2.10,3.51,4.48,10.09,100.09
955,16,+0.3125,118.24,148.97,91.30,8.59,2.09,3.52,4.50,10.07,100.17
956,16,-0.1875,118.13,149.02,91.25,8.58,2.10,3.51,4.49,10.06,100.12
957,16,-0.0625,118.09,149.04,91.27,8.57,2.10,3.51,4.49,10.06,100.11
958,16,+0.1250,118.17,149.08,91.24,8.58,2.10,3.51,4.49,10.06,100.14
959,16,-0.1250,118.09,149.12,91.27,8.57,2.10,3.52,4.49,10.06,100.11
960,16,-0.1875,117.99,149.18,91.31,8.56,2.09,3.51,4.48,10.05,100.06
961,16,+0.3750,117.77,149.06,91.40,8.58,2.08,3.52,4.50,10.03,100.15
962,16,+0.0000,117.77,149.06,91.40,8.58,2.08,3.52,4.50,10.03,100.15
963,16,-0.1250,117.69,149.10,91.44,8.59,2.07,3.52,4.51,10.02,100.12
964,16,+0.0000,117.69,149.10,91.44,8.59,2.07,3.52,4.51,10.02,100.12
965,16,+0.0000,117.69,149.10,91.44,8.59,2.07,3.52,4.51,10.02,100.12
966,16,+0.0625,117.66,149.12,91.45,8.60,2.08,3.52,4.52,10.02,100.11
967,16,+0.1875,117.55,149.06,91.50,8.58,2.07,3.52,4.53,10.01,100.15
968,16,+0.1250,117.48,149.10,91.47,8.58,2.07,3.52,4.54,10.01,100.12
969,16,-0.3750,117.26,149.22,91.37,8.60,2.06,3.53,4.56,9.98,100.03
970,16,+0.1875,117.37,149.16,91.33,8.59,2.06,3.53,4.57,9.97,99.98
971,16,-0.0625,117.33,149.18,91.31,8.59,2.06,3.53,4.57,9.97,100.00
972,16,-0.1875,117.44,149.12,91.36,8.58,2.05,3.52,4.58,9.96,99.95
973,16,+0.1250,117.37,149.08,91.39,8.59,2.06,3.52,4.59,9.97,99.92
974,16,+0.0625,117.40,149.06,91.40,8.59,2.06,3.52,4.60,9.97,99.94
975,16,+0.1250,117.48,149.03,91.37,8.60,2.06,3.52,4.59,9.97,99.97
976,16,+0.0000,117.48,149.03,91.37,8.60,2.06,3.52,4.59,9.97,99.97
977,16,-0.3125,117.66,148.93,91.30,8.62,2.07,3.51,4.61,9.99,99.89
978,16,+0.0625,117.62,148.91,91.31,8.61,2.07,3.51,4.61,9.99,99.88
979,16,-0.1250,117.55,148.95,91.34,8.62,2.06,3.51,4.62,10.00,99.91
980,16,+0.0625,117.59,148.97,91.33,8.62,2.07,3.51,4.62,10.00,99.92
981,16,-0.0625,117.62,148.99,91.34,8.61,2.06,3.51,4.63,10.00,99.91
982,16,-0.1250,117.69,148.95,91.37,8.61,2.06,3.52,4.62,9.99,99.94
983,16,+0.0000,117.69,148.95,91.37,8.61,2.06,3.52,4.62,9.99,99.94
984,16,+0.1875,117.59,149.01,91.33,8.60,2.07,3.52,4.61,10.00,99.98
985,16,-0.0625,117.55,149.03,91.31,8.60,2.06,3.52,4.61,10.00,100.00
986,16,+0.2500,117.41,148.95,91.37,8.58,2.06,3.53,4.63,10.01,99.94
987,16,+0.3750,117.19,148.84,91.28,8.61,2.04,3.52,4.60,9.99,100.03
988,16,-0.0625,117.15,148.86,91.30,8.61,2.05,3.51,4.60,9.99,100.01
989,16,+0.0625,117.12,148.84,91.31,8.61,2.05,3.51,4.60,9.99,100.00
990,16,+0.2500,116.98,148.91,91.37,8.63,2.06,3.51,4.58,10.01,100.06
991,16,-0.2500,117.12,148.84,91.43,8.61,2.05,3.51,4.60,9.99,100.12
992,16,-0.0625,117.15,148.82,91.45,8.61,2.05,3.51,4.60,9.99,100.10
993,16,-0.1250,117.23,148.86,91.48,8.60,2.05,3.51,4.59,9.98,100.07
994,16,+0.0625,117.19,148.87,91.49,8.60,2.05,3.51,4.60,9.98,100.06
995,16,-0.1250,117.26,148.84,91.52,8.59,2.04,3.51,4.59,9.97,100.03
996,16,+0.0625,117.30,148.86,91.51,8.59,2.04,3.51,4.59,9.98,100.04
997,16,-0.1875,117.19,148.80,91.46,8.58,2.05,3.51,4.60,9.97,100.09
998,16,-0.1250,117.26,148.76,91.43,8.58,2.05,3.50,4.60,9.97,100.06
999,16,+0.0000,117.26,148.76,91.43,8.58,2.05,3.50,4.60,9.97,100.06
1000,16,-0.0625,117.23,148.78,91.42,8.58,2.05,3.50,4.61,9.97,100.07
1001,16,-0.0625,117.26,148.80,91.43,8.58,2.06,3.50,4.60,9.97,100.09
1002,16,+0.0000,117.26,148.80,91.43,8.58,2.06,3.50,4.60,9.97,100.09
1003,16,-0.1250,117.19,148.76,91.46,8.57,2.05,3.49,4.60,9.97,100.06
1004,16,+0.3125,117.37,148.67,91.39,8.55,2.06,3.48,4.58,9.99,99.98
1005,16,-0.0625,117.33,148.65,91.37,8.55,2.06,3.49,4.57,10.00,99.97
1006,16,+0.2500,117.47,148.57,91.31,8.56,2.05,3.48,4.59,9.98,99.91
1007,16,+0.2500,117.33,148.50,91.37,8.55,2.04,3.47,4.57,9.97,99.97
1008,16,+0.0625,117.37,148.52,91.36,8.54,2.04,3.47,4.57,9.97,99.95
1009,16,-0.0625,117.40,148.54,91.34,8.55,2.04,3.47,4.57,9.97,99.94
1010,16,+0.3125,117.23,148.44,91.42,8.57,2.05,3.46,4.56,9.99,99.86
1011,16,-0.2500,117.08,148.37,91.48,8.55,2.06,3.45,4.54,9.98,99.80
1012,16,-0.1875,116.98,148.42,91.52,8.54,2.06,3.46,4.53,9.97,99.76
1013,16,+0.2500,117.12,148.50,91.46,8.52,2.07,3.45,4.54,9.95,99.82
1014,16,+0.2500,116.98,148.42,91.52,8.51,2.08,3.46,4.53,9.97,99.88
1015,16,-0.1250,117.05,148.39,91.49,8.50,2.07,3.46,4.52,9.96,99.91
1016,16,-0.0625,117.01,148.37,91.48,8.51,2.08,3.45,4.52,9.96,99.89
1017,16,+0.0625,117.05,148.39,91.46,8.50,2.08,3.46,4.51,9.97,99.91
1018,16,+0.0000,117.05,148.39,91.46,8.50,2.08,3.46,4.51,9.97,99.91
1019,16,+0.0000,117.05,148.39,91.46,8.50,2.08,3.46,4.51,9.97,99.91
1020,16,-0.0625,117.08,148.41,91.45,8.50,2.08,3.45,4.52,9.96,99.89
1021,16,+0.1250,117.01,148.37,91.48,8.51,2.08,3.46,4.53,9.96,99.86
1022,16,+0.0625,116.98,148.39,91.49,8.50,2.09,3.46,4.53,9.95,99.88
1023,16,-0.1250,116.91,148.35,91.46,8.51,2.08,3.45,4.54,9.95,99.85
1024,16,-0.0625,116.94,148.33,91.45,8.51,2.08,3.45,4.53,9.94,99.83
1025,16,+0.1250,116.87,148.29,91.42,8.50,2.09,3.45,4.53,9.95,99.86
1026,16,-0.1875,116.98,148.24,91.38,8.49,2.08,3.45,4.51,9.94,99.82
1027,16,-0.1250,117.05,148.28,91.40,8.48,2.09,3.46,4.51,9.95,99.85
1028,16,+0.0625,117.08,148.29,91.42,8.48,2.09,3.46,4.51,9.94,99.83
1029,16,+0.0625,117.12,148.28,91.43,8.48,2.09,3.46,4.51,9.95,99.85
1030,16,+0.0000,117.12,148.28,91.43,8.48,2.09,3.46,4.51,9.95,99.85
1031,16,+0.0000,117.12,148.28,91.43,8.48,2.09,3.46,4.51,9.95,99.85
1032,16,+0.0625,117.15,148.29,91.42,8.48,2.09,3.46,4.51,9.94,99.83
1033,16,+0.0000,117.15,148.29,91.42,8.48,2.09,3.46,4.51,9.94,99.83
1034,16,-0.1250,117.22,148.33,91.45,8.49,2.08,3.47,4.52,9.93,99.86
1035,16,+0.0625,117.26,148.31,91.46,8.49,2.08,3.46,4.52,9.93,99.85
1036,16,-0.1875,117.15,148.37,91.51,8.50,2.09,3.46,4.51,9.94,99.89
1037,16,-0.1875,117.26,148.31,91.46,8.51,2.09,3.46,4.50,9.93,99.94
1038,16,+0.0625,117.22,148.29,91.48,8.51,2.09,3.47,4.50,9.93,99.95
1039,16,+0.1875,117.12,148.24,91.43,8.50,2.09,3.47,4.49,9.92,99.91
1040,16,+0.1875,117.22,148.18,91.39,8.51,2.09,3.47,4.50,9.93,99.95
1041,16,+0.1250,117.29,148.15,91.42,8.51,2.09,3.46,4.50,9.92,99.92
1042,16,+0.0000,117.29,148.15,91.42,8.51,2.09,3.46,4.50,9.92,99.92
1043,16,+0.1250,117.36,148.18,91.45,8.51,2.08,3.46,4.50,9.93,99.89
1044,16,+0.1875,117.26,148.24,91.49,8.52,2.08,3.45,4.49,9.92,99.85
1045,16,-0.0625,117.29,148.22,91.48,8.51,2.08,3.45,4.50,9.91,99.84
1046,16,-0.3125,117.12,148.13,91.55,8.50,2.07,3.46,4.51,9.93,99.91
1047,16,+0.0000,117.12,148.13,91.55,8.50,2.07,3.46,4.51,9.93,99.91
1048,16,+0.0625,117.15,148.15,91.54,8.49,2.07,3.46,4.52,9.93,99.92
1049,16,-0.1250,117.08,148.18,91.57,8.48,2.07,3.45,4.53,9.93,99.95
1050,16,+0.0625,117.12,148.20,91.58,8.49,2.06,3.45,4.52,9.94,99.94
1051,16,+0.0625,117.09,148.18,91.60,8.49,2.06,3.45,4.53,9.93,99.92
1052,16,-0.1250,117.15,148.22,91.57,8.50,2.06,3.45,4.53,9.93,99.95
1053,16,+0.0625,117.19,148.24,91.58,8.50,2.06,3.45,4.54,9.92,99.94
1054,16,+0.1875,117.09,148.18,91.54,8.48,2.07,3.46,4.55,9.91,99.89
1055,16,+0.1250,117.02,148.15,91.57,8.48,2.07,3.46,4.55,9.92,99.86
1056,16,-0.1875,117.12,148.20,91.52,8.49,2.06,3.46,4.57,9.91,99.91
1057,16,+0.0000,117.12,148.20,91.52,8.49,2.06,3.46,4.57,9.91,99.91
1058,16,+0.0625,117.15,148.18,91.51,8.48,2.07,3.45,4.56,9.90,99.89
1059,16,-0.2500,117.29,148.26,91.57,8.50,2.07,3.45,4.55,9.92,99.95
1060,16,+0.0000,117.29,148.26,91.57,8.50,2.07,3.45,4.55,9.92,99.95
1061,16,-0.0625,117.26,148.24,91.58,8.50,2.07,3.45,4.55,9.92,99.97
1062,16,-0.1250,117.33,148.28,91.55,8.50,2.07,3.45,4.56,9.92,100.00
1063,16,+0.0000,117.33,148.28,91.55,8.50,2.07,3.45,4.56,9.92,100.00
1064,16,-0.0625,117.36,148.29,91.54,8.51,2.07,3.45,4.56,9.93,100.01
1065,16,-0.1875,117.47,148.24,91.58,8.52,2.08,3.44,4.57,9.92,100.05
1066,16,-0.1250,117.40,148.20,91.55,8.51,2.08,3.45,4.57,9.91,100.03
1067,16,-0.1250,117.47,148.17,91.52,8.52,2.08,3.44,4.56,9.90,100.05
1068,16,-0.0625,117.43,148.15,91.54,8.51,2.08,3.44,4.56,9.90,100.04
1069,16,+0.1875,117.53,148.09,91.58,8.50,2.07,3.43,4.57,9.92,100.00
1070,16,-0.3125,117.36,148.18,91.51,8.52,2.06,3.44,4.59,9.90,100.07
1071,16,+0.0625,117.33,148.20,91.52,8.52,2.06,3.45,4.59,9.89,100.08
1072,16,-0.3750,117.12,148.09,91.61,8.50,2.05,3.46,4.61,9.87,100.17
1073,16,+0.1875,117.22,148.04,91.65,8.48,2.04,3.46,4.62,9.86,100.13
1074,16,+0.0625,117.26,148.06,91.64,8.48,2.04,3.46,4.62,9.86,100.14
1075,16,-0.0625,117.22,148.08,91.65,8.48,2.04,3.46,4.62,9.85,100.16
1076,16,-0.0625,117.19,148.09,91.67,8.48,2.04,3.46,4.62,9.86,100.17
1077,16,-0.1250,117.26,148.13,91.64,8.47,2.03,3.47,4.61,9.85,100.14
1078,16,+0.0625,117.22,148.11,91.65,8.48,2.04,3.47,4.61,9.85,100.13
1079,16,+0.0000,117.22,148.11,91.65,8.48,2.04,3.47,4.61,9.85,100.13
1080,16,-0.0625,117.19,148.09,91.67,8.48,2.03,3.47,4.61,9.85,100.11
1081,16,+0.0000,117.19,148.09,91.67,8.48,2.03,3.47,4.61,9.85,100.11
1082,16,-0.1250,117.26,148.13,91.64,8.47,2.03,3.47,4.62,9.84,100.14
1083,16,-0.0625,117.29,148.11,91.62,8.47,2.03,3.47,4.62,9.85,100.13
1084,16,-0.3125,117.46,148.02,91.55,8.45,2.04,3.48,4.64,9.83,100.05
1085,16,-0.1250,117.40,148.06,91.58,8.44,2.04,3.49,4.64,9.84,100.08
1086,16,-0.1875,117.29,148.00,91.54,8.46,2.04,3.49,4.63,9.83,100.04
1087,16,-0.1875,117.40,148.06,91.49,8.44,2.04,3.49,4.64,9.84,100.00
1088,16,+0.0000,117.40,148.06,91.49,8.44,2.04,3.49,4.64,9.84,100.00
1089,16,-0.0625,117.36,148.04,91.48,8.44,2.04,3.49,4.65,9.84,100.01
1090,16,+0.0625,117.40,148.02,91.49,8.44,2.04,3.49,4.64,9.84,100.00
1091,16,+0.1250,117.46,147.99,91.52,8.44,2.04,3.48,4.64,9.85,100.03
1092,16,+0.0000,117.46,147.99,91.52,8.44,2.04,3.48,4.64,9.85,100.03
1093,16,+0.1875,117.57,148.04,91.57,8.43,2.05,3.48,4.65,9.84,99.98
1094,16,+0.1250,117.63,148.08,91.54,8.43,2.05,3.48,4.64,9.85,100.01
1095,16,+0.0625,117.60,148.06,91.52,8.43,2.05,3.48,4.64,9.85,100.03
1096,16,+0.1250,117.67,148.02,91.55,8.44,2.05,3.48,4.65,9.84,100.05
1097,16,-0.0625,117.70,148.04,91.54,8.43,2.05,3.48,4.65,9.84,100.04
1098,16,-0.0625,117.74,148.02,91.52,8.43,2.05,3.49,4.64,9.84,100.03
1099,16,+0.1250,117.80,147.99,91.50,8.42,2.05,3.49,4.64,9.84,100.00
1100,16,-0.0625,117.84,148.00,91.51,8.43,2.05,3.49,4.64,9.84,100.01
1101,16,+0.0625,117.87,148.02,91.52,8.42,2.05,3.49,4.64,9.84,100.03
1102,16,+0.0000,117.87,148.02,91.52,8.42,2.05,3.49,4.64,9.84,100.03
1103,16,-0.2500,117.74,147.95,91.47,8.44,2.06,3.50,4.65,9.85,99.97
1104,16,+0.0625,117.77,147.97,91.48,8.43,2.06,3.50,4.65,9.85,99.98
1105,16,+0.0000,117.77,147.97,91.48,8.43,2.06,3.50,4.65,9.85,99.98
1106,16,-0.0625,117.74,147.95,91.47,8.44,2.06,3.50,4.65,9.86,100.00
1107,16,+0.1250,117.67,147.99,91.49,8.43,2.06,3.50,4.64,9.86,100.03
1108,16,+0.0000,117.67,147.99,91.49,8.43,2.06,3.50,4.64,9.86,100.03
1109,16,-0.3125,117.50,148.08,91.42,8.45,2.07,3.51,4.66,9.85,100.10
1110,16,-0.3750,117.30,148.18,91.51,8.47,2.06,3.49,4.64,9.87,100.01
1111,16,+0.1250,117.23,148.15,91.54,8.46,2.06,3.50,4.63,9.86,99.98
1112,16,-0.0625,117.20,148.16,91.52,8.47,2.06,3.50,4.63,9.86,99.97
1113,16,+0.1250,117.13,148.13,91.50,8.46,2.06,3.50,4.62,9.86,99.94
1114,16,+0.1250,117.20,148.16,91.52,8.47,2.05,3.49,4.63,9.86,99.97
1115,16,+0.0625,117.23,148.18,91.51,8.46,2.05,3.49,4.63,9.86,99.95
1116,16,+0.0000,117.23,148.18,91.51,8.46,2.05,3.49,4.63,9.86,99.95
1117,16,-0.1250,117.16,148.22,91.48,8.46,2.05,3.49,4.63,9.85,99.93
1118,16,+0.0000,117.16,148.22,91.48,8.46,2.05,3.49,4.63,9.85,99.93
1119,16,+0.1250,117.09,148.18,91.51,8.45,2.04,3.49,4.63,9.85,99.90
1120,16,+0.1250,117.03,148.22,91.48,8.44,2.04,3.50,4.63,9.85,99.87
1121,16,+0.3750,116.82,148.11,91.57,8.42,2.05,3.49,4.61,9.88,99.78
1122,16,+0.2500,116.96,148.04,91.62,8.43,2.04,3.48,4.62,9.86,99.73
1123,16,+0.0000,116.96,148.04,91.62,8.43,2.04,3.48,4.62,9.86,99.73
1124,16,-0.0625,116.99,148.02,91.61,8.44,2.05,3.48,4.62,9.86,99.71
1125,16,+0.2500,116.86,148.09,91.67,8.42,2.05,3.47,4.61,9.88,99.77
1126,16,+0.4375,117.09,147.97,91.57,8.40,2.06,3.49,4.63,9.85,99.87
1127,16,+0.0625,117.13,147.95,91.58,8.40,2.06,3.49,4.63,9.85,99.86
1128,16,+0.1250,117.06,147.92,91.61,8.39,2.07,3.49,4.64,9.86,99.88
1129,16,+0.0625,117.09,147.93,91.59,8.38,2.06,3.49,4.63,9.85,99.90
1130,16,+0.0625,117.13,147.95,91.61,8.39,2.07,3.49,4.64,9.85,99.91
1131,16,+0.0625,117.09,147.93,91.62,8.39,2.06,3.49,4.63,9.85,99.93
1132,16,-0.0625,117.13,147.95,91.61,8.39,2.06,3.49,4.64,9.85,99.94
1133,16,-0.1875,117.03,147.90,91.57,8.40,2.07,3.48,4.63,9.86,99.98
1134,16,-0.0625,117.06,147.92,91.55,8.40,2.07,3.48,4.63,9.86,99.97
1135,16,+0.1250,117.13,147.88,91.52,8.40,2.07,3.48,4.64,9.86,100.00
1136,16,+0.0000,117.13,147.88,91.52,8.40,2.07,3.48,4.64,9.86,100.00
1137,16,-0.0625,117.09,147.90,91.51,8.39,2.08,3.48,4.64,9.86,100.01
1138,16,+0.0000,117.09,147.90,91.51,8.39,2.08,3.48,4.64,9.86,100.01
1139,16,+0.0000,117.09,147.90,91.51,8.39,2.08,3.48,4.64,9.86,100.01
1140,16,+0.0625,117.13,147.88,91.52,8.40,2.08,3.48,4.64,9.86,100.00
1141,16,-0.1250,117.06,147.92,91.55,8.39,2.08,3.47,4.65,9.85,100.02
1142,16,-0.0625,117.09,147.93,91.54,8.38,2.08,3.48,4.66,9.85,100.04
1143,16,+0.0625,117.06,147.95,91.55,8.39,2.08,3.47,4.65,9.85,100.02
1144,16,+0.1875,117.16,148.00,91.59,8.38,2.07,3.47,4.64,9.86,99.98
1145,16,+0.0625,117.13,148.02,91.61,8.37,2.07,3.47,4.64,9.86,99.97
1146,16,+0.0000,117.13,148.02,91.61,8.37,2.07,3.47,4.64,9.86,99.97
1147,16,+0.1250,117.06,148.06,91.64,8.38,2.07,3.47,4.63,9.86,100.00
1148,16,+0.0625,117.09,148.07,91.62,8.38,2.07,3.47,4.63,9.87,99.98
1149,16,-0.3125,117.26,147.99,91.55,8.37,2.06,3.46,4.62,9.89,100.05
1150,16,+0.0000,117.26,147.99,91.55,8.37,2.06,3.46,4.62,9.89,100.05
1151,16,+0.1250,117.19,147.95,91.58,8.37,2.06,3.46,4.62,9.89,100.08
1152,16,+0.0000,117.19,147.95,91.58,8.37,2.06,3.46,4.62,9.89,100.08
1153,16,-0.1250,117.26,147.92,91.55,8.38,2.05,3.46,4.63,9.90,100.05
1154,16,+0.3125,117.09,147.83,91.62,8.36,2.06,3.47,4.61,9.88,99.98
1155,16,+0.1875,116.99,147.88,91.58,8.35,2.06,3.46,4.60,9.87,99.94
1156,16,-0.0625,117.03,147.86,91.57,8.35,2.05,3.46,4.61,9.87,99.95
1157,16,+0.1250,117.09,147.83,91.54,8.36,2.05,3.46,4.61,9.86,99.98
1158,16,+0.1875,117.19,147.78,91.50,8.37,2.06,3.46,4.60,9.87,100.02
1159,16,-0.0625,117.23,147.76,91.48,8.37,2.05,3.47,4.61,9.88,100.04
1160,16,+0.0625,117.26,147.74,91.50,8.37,2.06,3.47,4.60,9.87,100.02
1161,16,-0.0625,117.23,147.76,91.51,8.37,2.06,3.47,4.60,9.88,100.04
1162,16,+0.0625,117.26,147.74,91.50,8.37,2.06,3.46,4.60,9.88,100.02
1163,16,+0.0000,117.26,147.74,91.50,8.37,2.06,3.46,4.60,9.88,100.02
1164,16,-0.0625,117.29,147.76,91.51,8.38,2.05,3.47,4.61,9.88,100.04
1165,16,-0.1875,117.39,147.71,91.55,8.37,2.06,3.47,4.62,9.86,100.08
1166,16,+0.0000,117.39,147.71,91.55,8.37,2.06,3.47,4.62,9.86,100.08
1167,16,-0.2500,117.52,147.64,91.61,8.38,2.07,3.48,4.60,9.88,100.02
1168,16,+0.1875,117.42,147.59,91.57,8.39,2.07,3.48,4.59,9.87,99.98
1169,16,+0.1875,117.33,147.53,91.61,8.38,2.08,3.49,4.58,9.86,100.02
1170,16,+0.0000,117.33,147.53,91.61,8.38,2.08,3.49,4.58,9.86,100.02
1171,16,-0.0625,117.29,147.52,91.62,8.38,2.08,3.49,4.59,9.85,100.01
1172,16,+0.3125,117.46,147.60,91.55,8.37,2.07,3.48,4.57,9.84,99.94
1173,16,+0.0000,117.46,147.60,91.55,8.37,2.07,3.48,4.57,9.84,99.94
1174,16,+0.1875,117.36,147.66,91.59,8.38,2.08,3.47,4.56,9.85,99.98
1175,16,+0.0000,117.36,147.66,91.59,8.38,2.08,3.47,4.56,9.85,99.98
1176,16,-0.0625,117.39,147.67,91.61,8.38,2.08,3.47,4.56,9.84,99.97
1177,16,-0.0625,117.36,147.66,91.59,8.38,2.08,3.47,4.56,9.85,99.98
1178,16,-0.1250,117.29,147.62,91.57,8.38,2.08,3.47,4.56,9.84,99.96
1179,16,+0.0625,117.26,147.60,91.55,8.38,2.07,3.47,4.56,9.84,99.97
1180,16,-0.0625,117.23,147.59,91.54,8.38,2.07,3.47,4.56,9.85,99.96
1181,16,+0.0000,117.23,147.59,91.54,8.38,2.07,3.47,4.56,9.85,99.96
1182,16,+0.3125,117.06,147.50,91.47,8.39,2.08,3.48,4.58,9.83,99.89
1183,16,-0.0625,117.03,147.52,91.46,8.39,2.08,3.48,4.59,9.83,99.90
1184,16,+0.0625,117.00,147.53,91.44,8.39,2.08,3.49,4.58,9.84,99.91
1185,16,+0.0000,117.00,147.53,91.44,8.39,2.08,3.49,4.58,9.84,99.91
1186,16,+0.1875,117.10,147.59,91.40,8.38,2.09,3.48,4.57,9.83,99.95
1187,16,-0.0625,117.06,147.60,91.39,8.37,2.09,3.48,4.57,9.82,99.97
1188,16,+0.0625,117.03,147.62,91.40,8.38,2.09,3.48,4.57,9.82,99.98
1189,16,-0.1250,116.97,147.59,91.37,8.37,2.09,3.47,4.58,9.83,99.95
1190,16,-0.1250,116.90,147.62,91.40,8.36,2.09,3.47,4.59,9.83,99.98
1191,16,+0.2500,117.03,147.69,91.46,8.35,2.08,3.46,4.57,9.85,100.04
1192,16,+0.1875,117.13,147.74,91.50,8.34,2.08,3.47,4.58,9.86,100.00
1193,16,-0.0625,117.10,147.72,91.48,8.34,2.08,3.47,4.58,9.86,100.01
1194,16,+0.0000,117.10,147.72,91.48,8.34,2.08,3.47,4.58,9.86,100.01
1195,16,+0.1250,117.16,147.76,91.51,8.33,2.08,3.46,4.59,9.87,99.98
1196,16,-0.2500,117.29,147.69,91.46,8.32,2.08,3.47,4.57,9.85,100.04
1197,16,+0.0625,117.26,147.71,91.44,8.31,2.08,3.47,4.57,9.86,100.05
1198,16,+0.0000,117.26,147.71,91.44,8.31,2.08,3.47,4.57,9.86,100.05
1199,16,+0.0625,117.23,147.69,91.46,8.31,2.09,3.47,4.56,9.85,100.04
1200,16,+0.0000,117.23,147.69,91.46,8.31,2.09,3.47,4.56,9.85,100.04
1201,16,-0.1875,117.32,147.74,91.41,8.32,2.08,3.46,4.57,9.84,100.08
1202,16,-0.0625,117.29,147.72,91.40,8.32,2.08,3.46,4.57,9.84,100.06
1203,16,-0.2500,117.42,147.66,91.46,8.31,2.08,3.46,4.56,9.83,100.12
1204,16,+0.2500,117.55,147.72,91.51,8.30,2.08,3.45,4.57,9.84,100.06
1205,16,+0.1250,117.62,147.76,91.54,8.30,2.08,3.45,4.58,9.83,100.04
1206,16,+0.0000,117.62,147.76,91.54,8.30,2.08,3.45,4.58,9.83,100.04
1207,16,+0.0000,117.62,147.76,91.54,8.30,2.08,3.45,4.58,9.83,100.04
1208,16,-0.0625,117.65,147.77,91.52,8.30,2.08,3.45,4.57,9.83,100.05
1209,16,+0.0000,117.65,147.77,91.52,8.30,2.08,3.45,4.57,9.83,100.05
1210,16,-0.0625,117.68,147.76,91.54,8.30,2.08,3.45,4.58,9.83,100.04
1211,16,-0.1250,117.62,147.72,91.51,8.30,2.07,3.46,4.59,9.83,100.06
1212,16,+0.0000,117.62,147.72,91.51,8.30,2.07,3.46,4.59,9.83,100.06
1213,16,+0.0000,117.62,147.72,91.51,8.30,2.07,3.46,4.59,9.83,100.06
1214,16,+0.1250,117.68,147.69,91.48,8.30,2.08,3.46,4.59,9.83,100.04
1215,16,-0.2500,117.55,147.62,91.54,8.29,2.08,3.45,4.58,9.82,99.98
1216,16,-0.0625,117.58,147.64,91.55,8.29,2.08,3.45,4.58,9.82,100.00
1217,16,+0.0000,117.58,147.64,91.55,8.29,2.08,3.45,4.58,9.82,100.00
1218,16,-0.1250,117.65,147.67,91.58,8.28,2.08,3.46,4.59,9.83,99.97
1219,16,+0.0625,117.68,147.66,91.59,8.28,2.08,3.46,4.59,9.83,99.98
1220,16,+0.1875,117.78,147.71,91.55,8.29,2.08,3.46,4.60,9.84,99.94
1221,16,+0.0625,117.75,147.72,91.56,8.29,2.08,3.46,4.60,9.84,99.93
1222,16,-0.1875,117.65,147.67,91.61,8.28,2.07,3.46,4.61,9.83,99.89
1223,16,-0.0625,117.62,147.66,91.62,8.27,2.08,3.46,4.61,9.83,99.90
1224,16,-0.1250,117.68,147.69,91.59,8.28,2.07,3.45,4.60,9.84,99.87
1225,16,-0.1250,117.62,147.66,91.56,8.27,2.08,3.46,4.61,9.85,99.85
1226,16,+0.0000,117.62,147.66,91.56,8.27,2.08,3.46,4.61,9.85,99.85
1227,16,-0.3125,117.78,147.74,91.63,8.26,2.07,3.45,4.59,9.83,99.78
1228,16,+0.1875,117.68,147.79,91.59,8.27,2.07,3.45,4.60,9.82,99.74
1229,16,-0.0625,117.71,147.77,91.61,8.26,2.07,3.45,4.60,9.82,99.75
1230,16,+0.0000,117.71,147.77,91.61,8.26,2.07,3.45,4.60,9.82,99.75
1231,16,+0.2500,117.84,147.84,91.55,8.28,2.08,3.45,4.59,9.83,99.81
1232,16,+0.0625,117.81,147.86,91.56,8.27,2.08,3.45,4.59,9.83,99.79
1233,16,-0.3125,117.65,147.77,91.50,8.29,2.07,3.46,4.57,9.84,99.73
1234,16,+0.3125,117.81,147.69,91.43,8.27,2.06,3.45,4.55,9.86,99.66
1235,16,-0.0625,117.78,147.67,91.42,8.28,2.06,3.45,4.55,9.86,99.64
1236,16,-0.0625,117.75,147.66,91.40,8.27,2.06,3.45,4.55,9.87,99.66
1237,16,+0.0000,117.75,147.66,91.40,8.27,2.06,3.45,4.55,9.87,99.66
1238,16,+0.0000,117.75,147.66,91.40,8.27,2.06,3.45,4.55,9.87,99.66
1239,16,-0.0625,117.78,147.64,91.39,8.28,2.06,3.45,4.55,9.86,99.67
1240,16,-0.3125,117.62,147.55,91.46,8.26,2.05,3.44,4.53,9.88,99.60
1241,16,+0.0000,117.62,147.55,91.46,8.26,2.05,3.44,4.53,9.88,99.60
1242,16,+0.0000,117.62,147.55,91.46,8.26,2.05,3.44,4.53,9.88,99.60
1243,16,-0.1875,117.52,147.61,91.42,8.25,2.05,3.44,4.54,9.89,99.64
1244,16,-0.0625,117.49,147.62,91.40,8.25,2.04,3.44,4.54,9.89,99.63
1245,16,-0.1250,117.55,147.66,91.43,8.24,2.04,3.44,4.54,9.89,99.60
1246,16,-0.1250,117.62,147.69,91.46,8.23,2.04,3.44,4.55,9.89,99.63
1247,16,+0.1875,117.52,147.64,91.50,8.24,2.05,3.44,4.54,9.90,99.67
1248,16,-0.0625,117.55,147.62,91.48,8.24,2.05,3.44,4.54,9.89,99.66
1249,16,+0.1875,117.46,147.57,91.44,8.25,2.05,3.44,4.55,9.90,99.62
1250,16,+0.1875,117.36,147.62,91.40,8.26,2.06,3.45,4.56,9.91,99.58
1251,16,-0.0625,117.39,147.61,91.39,8.26,2.06,3.45,4.55,9.92,99.56
1252,16,+0.0000,117.39,147.61,91.39,8.26,2.06,3.45,4.55,9.92,99.56
1253,16,-0.1875,117.49,147.66,91.35,8.27,2.06,3.44,4.54,9.93,99.60
1254,16,+0.1250,117.55,147.62,91.38,8.28,2.07,3.44,4.54,9.93,99.63
1255,16,+0.0000,117.55,147.62,91.38,8.28,2.07,3.44,4.54,9.93,99.63
1256,16,-0.1875,117.65,147.67,91.34,8.27,2.06,3.43,4.55,9.92,99.67
1257,16,-0.1250,117.59,147.71,91.31,8.28,2.06,3.43,4.54,9.92,99.70
1258,16,+0.0000,117.59,147.71,91.31,8.28,2.06,3.43,4.54,9.92,99.70
1259,16,-0.1250,117.52,147.74,91.28,8.28,2.05,3.43,4.55,9.91,99.67
1260,16,+0.0000,117.52,147.74,91.28,8.28,2.05,3.43,4.55,9.91,99.67
1261,16,+0.0625,117.49,147.76,91.27,8.28,2.05,3.43,4.54,9.91,99.68
1262,16,+0.0625,117.46,147.77,91.26,8.28,2.05,3.43,4.55,9.90,99.67
1263,16,+0.0625,117.43,147.76,91.27,8.28,2.05,3.44,4.54,9.90,99.66
1264,16,+0.0000,117.43,147.76,91.27,8.28,2.05,3.44,4.54,9.90,99.66
1265,16,+0.0000,117.43,147.76,91.27,8.28,2.05,3.44,4.54,9.90,99.66
1266,16,+0.1250,117.36,147.79,91.24,8.27,2.05,3.44,4.55,9.89,99.63
1267,16,+0.0625,117.33,147.81,91.23,8.28,2.05,3.44,4.55,9.89,99.64
1268,16,-0.3125,117.49,147.89,91.30,8.29,2.06,3.43,4.56,9.87,99.71
1269,16,+0.0625,117.52,147.87,91.28,8.30,2.05,3.43,4.56,9.88,99.72
1270,16,+0.1250,117.46,147.91,91.26,8.30,2.06,3.43,4.57,9.87,99.70
1271,16,-0.0625,117.43,147.92,91.27,8.31,2.06,3.43,4.57,9.87,99.71
1272,16,+0.1250,117.36,147.89,91.24,8.31,2.06,3.43,4.58,9.86,99.68
1273,16,+0.0000,117.36,147.89,91.24,8.31,2.06,3.43,4.58,9.86,99.68
1274,16,+0.0625,117.33,147.91,91.26,8.31,2.06,3.43,4.57,9.86,99.70
1275,16,-0.0625,117.30,147.89,91.27,8.31,2.06,3.43,4.58,9.85,99.71
1276,16,-0.1250,117.36,147.92,91.24,8.31,2.06,3.42,4.57,9.86,99.68
1277,16,+0.0625,117.33,147.94,91.26,8.31,2.06,3.42,4.57,9.86,99.67
1278,16,+0.0625,117.30,147.92,91.24,8.31,2.06,3.42,4.56,9.87,99.68
1279,16,-0.1250,117.24,147.89,91.22,8.31,2.07,3.43,4.56,9.86,99.71
1280,16,+0.0000,117.24,147.89,91.22,8.31,2.07,3.43,4.56,9.86,99.71
1281,16,-0.1250,117.30,147.92,91.19,8.31,2.07,3.42,4.55,9.85,99.68
1282,16,-0.1250,117.36,147.96,91.22,8.32,2.07,3.43,4.56,9.85,99.71
1283,16,+0.0625,117.39,147.94,91.23,8.32,2.07,3.42,4.55,9.85,99.70
1284,16,+0.0000,117.39,147.94,91.23,8.32,2.07,3.42,4.55,9.85,99.70
1285,16,+0.0000,117.39,147.94,91.23,8.32,2.07,3.42,4.55,9.85,99.70
1286,16,+0.0625,117.43,147.92,91.22,8.31,2.07,3.43,4.56,9.85,99.71
1287,16,+0.1875,117.52,147.87,91.18,8.30,2.06,3.42,4.57,9.84,99.75
1288,16,+0.2500,117.39,147.94,91.23,8.32,2.07,3.43,4.58,9.85,99.80
1289,16,-0.0625,117.36,147.96,91.22,8.31,2.07,3.43,4.58,9.85,99.82
1290,16,+0.3125,117.52,148.04,91.15,8.33,2.08,3.44,4.59,9.84,99.88
1291,16,-0.0625,117.49,148.05,91.14,8.33,2.08,3.44,4.60,9.83,99.90
1292,16,-0.1250,117.43,148.09,91.11,8.34,2.08,3.44,4.59,9.83,99.92
1293,16,-0.0625,117.39,148.10,91.10,8.34,2.08,3.44,4.59,9.83,99.91
1294,16,-0.1875,117.30,148.15,91.14,8.35,2.07,3.45,4.60,9.84,99.87
1295,16,-0.1875,117.39,148.10,91.18,8.34,2.08,3.45,4.59,9.83,99.83
1296,16,+0.1250,117.46,148.14,91.15,8.33,2.08,3.45,4.59,9.82,99.80
1297,16,-0.0625,117.43,148.12,91.14,8.33,2.08,3.46,4.59,9.82,99.79
1298,16,+0.0000,117.43,148.12,91.14,8.33,2.08,3.46,4.59,9.82,99.79
1299,16,-0.2500,117.30,148.06,91.19,8.35,2.07,3.45,4.58,9.81,99.74
1300,16,-0.1875,117.21,148.01,91.15,8.36,2.08,3.44,4.57,9.82,99.70
1301,16,+0.3125,117.36,148.09,91.22,8.34,2.07,3.45,4.58,9.80,99.76
1302,16,-0.2500,117.24,148.15,91.16,8.33,2.08,3.46,4.57,9.81,99.82
1303,16,-0.1250,117.18,148.12,91.14,8.33,2.08,3.46,4.58,9.82,99.84
1304,16,+0.0000,117.18,148.12,91.14,8.33,2.08,3.46,4.58,9.82,99.84
1305,16,-0.0625,117.21,148.10,91.12,8.33,2.08,3.46,4.57,9.82,99.86
1306,16,+0.0625,117.24,148.09,91.11,8.33,2.08,3.46,4.58,9.82,99.87
1307,16,+0.0000,117.24,148.09,91.11,8.33,2.08,3.46,4.58,9.82,99.87
1308,16,-0.3125,117.08,148.17,91.18,8.35,2.09,3.45,4.59,9.81,99.80
1309,16,-0.3125,116.93,148.09,91.11,8.37,2.10,3.44,4.61,9.79,99.74
1310,16,+0.0625,116.90,148.10,91.10,8.37,2.10,3.44,4.61,9.79,99.75
1311,16,-0.1250,116.96,148.07,91.07,8.38,2.10,3.44,4.62,9.79,99.73
1312,16,+0.2500,117.08,148.01,91.02,8.36,2.10,3.45,4.61,9.78,99.78
1313,16,-0.0625,117.05,148.02,91.01,8.36,2.10,3.45,4.60,9.78,99.79
1314,16,+0.4375,117.27,147.91,91.10,8.38,2.09,3.44,4.58,9.76,99.88
1315,16,+0.1250,117.33,147.94,91.12,8.38,2.09,3.44,4.57,9.75,99.91
1316,16,+0.1250,117.27,147.91,91.10,8.37,2.09,3.44,4.57,9.76,99.88
1317,16,+0.1875,117.36,147.96,91.06,8.36,2.09,3.44,4.56,9.75,99.84
1318,16,-0.0625,117.33,147.94,91.04,8.36,2.09,3.44,4.56,9.75,99.83
1319,16,+0.2500,117.46,148.01,91.10,8.34,2.10,3.43,4.57,9.77,99.88
1320,16,+0.3125,117.30,147.92,91.03,8.36,2.09,3.42,4.56,9.75,99.95
1321,16,+0.1250,117.36,147.89,91.01,8.37,2.09,3.43,4.55,9.76,99.92
1322,16,+0.1250,117.42,147.92,91.03,8.36,2.09,3.42,4.55,9.75,99.95
1323,16,+0.0625,117.45,147.94,91.04,8.36,2.09,3.42,4.54,9.75,99.96
1324,16,+0.1875,117.55,147.99,91.08,8.37,2.09,3.43,4.53,9.76,99.92
1325,16,+0.0625,117.52,148.01,91.07,8.37,2.09,3.42,4.53,9.77,99.93
1326,16,-0.1250,117.46,148.04,91.10,8.38,2.09,3.42,4.54,9.76,99.96
1327,16,+0.0625,117.42,148.05,91.08,8.37,2.09,3.42,4.53,9.76,99.97
1328,16,+0.1875,117.33,148.10,91.12,8.38,2.10,3.43,4.52,9.75,100.01
1329,16,+0.0000,117.33,148.10,91.12,8.38,2.10,3.43,4.52,9.75,100.01
1330,16,+0.1250,117.39,148.07,91.10,8.38,2.10,3.43,4.53,9.74,99.99
1331,16,+0.0000,117.39,148.07,91.10,8.38,2.10,3.43,4.53,9.74,99.99
1332,16,+0.1250,117.33,148.10,91.07,8.38,2.10,3.43,4.52,9.73,99.96
1333,16,+0.0625,117.36,148.12,91.06,8.38,2.10,3.43,4.52,9.73,99.97
1334,16,+0.1250,117.42,148.09,91.03,8.39,2.09,3.43,4.53,9.72,100.00
1335,16,-0.1250,117.49,148.12,91.01,8.39,2.09,3.43,4.52,9.72,100.03
1336,16,+0.2500,117.36,148.18,90.95,8.38,2.08,3.42,4.51,9.70,99.97
1337,16,+0.0000,117.36,148.18,90.95,8.38,2.08,3.42,4.51,9.70,99.97
1338,16,+0.0000,117.36,148.18,90.95,8.38,2.08,3.42,4.51,9.70,99.97
1339,16,+0.3125,117.21,148.27,90.89,8.36,2.09,3.41,4.49,9.72,99.91
1340,16,+0.0625,117.24,148.25,90.90,8.36,2.09,3.41,4.49,9.72,99.92
1341,16,-0.0625,117.21,148.23,90.89,8.36,2.09,3.41,4.49,9.73,99.93
1342,16,+0.2500,117.09,148.30,90.94,8.34,2.09,3.41,4.48,9.71,99.99
1343,16,-0.0625,117.05,148.28,90.95,8.35,2.09,3.41,4.47,9.72,99.97
1344,16,-0.1875,116.96,148.23,90.91,8.36,2.09,3.41,4.46,9.73,100.01
1345,16,-0.1250,117.02,148.20,90.94,8.35,2.10,3.41,4.46,9.73,100.04
1346,16,+0.0000,117.02,148.20,90.94,8.35,2.10,3.41,4.46,9.73,100.04
1347,16,+0.0625,117.05,148.18,90.93,8.35,2.09,3.41,4.45,9.73,100.03
1348,16,-0.1250,116.99,148.22,90.95,8.35,2.10,3.41,4.46,9.74,100.00
1349,16,-0.1875,117.08,148.17,90.92,8.34,2.09,3.40,4.45,9.75,100.04
1350,16,+0.0000,117.08,148.17,90.92,8.34,2.09,3.40,4.45,9.75,100.04
1351,16,-0.1875,117.18,148.22,90.95,8.33,2.09,3.40,4.46,9.76,100.00
1352,16,+0.0000,117.18,148.22,90.95,8.33,2.09,3.40,4.46,9.76,100.00
1353,16,+0.0000,117.18,148.22,90.95,8.33,2.09,3.40,4.46,9.76,100.00
1354,16,-0.2500,117.30,148.28,91.01,8.34,2.08,3.41,4.45,9.74,100.05
1355,16,+0.1250,117.36,148.25,90.98,8.33,2.08,3.40,4.45,9.74,100.08
1356,16,+0.1250,117.30,148.22,91.01,8.33,2.08,3.41,4.46,9.73,100.10
1357,16,-0.2500,117.18,148.15,91.06,8.34,2.07,3.41,4.47,9.72,100.05
1358,16,-0.1875,117.27,148.20,91.02,8.35,2.06,3.42,4.46,9.71,100.09
1359,16,-0.0625,117.24,148.22,91.03,8.35,2.07,3.42,4.46,9.70,100.08
1360,16,+0.0000,117.24,148.22,91.03,8.35,2.07,3.42,4.46,9.70,100.08
1361,16,+0.0625,117.21,148.23,91.04,8.36,2.07,3.42,4.46,9.71,100.09
1362,16,-0.1875,117.30,148.28,91.08,8.35,2.07,3.42,4.47,9.72,100.13
1363,16,-0.0625,117.33,148.30,91.07,8.34,2.07,3.42,4.46,9.71,100.12
1364,16,-0.0625,117.36,148.31,91.06,8.34,2.07,3.42,4.46,9.71,100.10
1365,16,+0.0000,117.36,148.31,91.06,8.34,2.07,3.42,4.46,9.71,100.10
1366,16,+0.3125,117.21,148.39,91.12,8.33,2.06,3.43,4.44,9.69,100.04
1367,16,-0.2500,117.09,148.46,91.17,8.31,2.06,3.42,4.46,9.68,100.09
1368,16,+0.0000,117.09,148.46,91.17,8.31,2.06,3.42,4.46,9.68,100.09
1369,16,-0.0625,117.06,148.44,91.19,8.31,2.06,3.43,4.45,9.68,100.10
1370,16,+0.0000,117.06,148.44,91.19,8.31,2.06,3.43,4.45,9.68,100.10
1371,16,-0.2500,116.93,148.38,91.24,8.30,2.06,3.42,4.44,9.67,100.15
1372,16,-0.2500,117.06,148.31,91.19,8.28,2.06,3.41,4.43,9.66,100.10
1373,16,+0.0625,117.03,148.30,91.17,8.29,2.05,3.41,4.43,9.66,100.09
1374,16,-0.2500,117.15,148.23,91.22,8.27,2.06,3.41,4.44,9.64,100.04
1375,16,-0.1875,117.24,148.19,91.26,8.26,2.06,3.40,4.44,9.65,100.08
1376,16,+0.2500,117.36,148.25,91.31,8.28,2.06,3.41,4.45,9.64,100.03
1377,16,+0.1875,117.27,148.20,91.35,8.27,2.07,3.41,4.44,9.63,100.06
1378,16,-0.2500,117.39,148.27,91.30,8.25,2.07,3.42,4.45,9.62,100.01
1379,16,-0.1250,117.33,148.30,91.27,8.26,2.07,3.41,4.46,9.61,100.04
1380,16,-0.1250,117.27,148.33,91.30,8.27,2.07,3.41,4.46,9.62,100.01
1381,16,+0.0625,117.24,148.35,91.29,8.27,2.07,3.41,4.47,9.61,100.00
1382,16,+0.0000,117.24,148.35,91.29,8.27,2.07,3.41,4.47,9.61,100.00
1383,16,-0.3125,117.39,148.27,91.22,8.29,2.07,3.42,4.48,9.60,99.94
1384,16,-0.0625,117.36,148.28,91.21,8.29,2.08,3.42,4.49,9.60,99.92
1385,16,+0.0000,117.36,148.28,91.21,8.29,2.08,3.42,4.49,9.60,99.92
1386,16,-0.0625,117.39,148.27,91.22,8.29,2.08,3.42,4.48,9.60,99.94
1387,16,-0.1875,117.48,148.22,91.26,8.28,2.07,3.43,4.47,9.59,99.97
1388,16,+0.0000,117.48,148.22,91.26,8.28,2.07,3.43,4.47,9.59,99.97
1389,16,-0.3125,117.63,148.30,91.20,8.29,2.08,3.42,4.49,9.57,99.91
1390,16,+0.2500,117.51,148.23,91.15,8.31,2.07,3.42,4.48,9.59,99.96
1391,16,+0.2500,117.39,148.30,91.10,8.32,2.08,3.42,4.49,9.60,99.91
1392,16,+0.0000,117.39,148.30,91.10,8.32,2.08,3.42,4.49,9.60,99.91
1393,16,+0.0000,117.39,148.30,91.10,8.32,2.08,3.42,4.49,9.60,99.91
1394,16,+0.1250,117.45,148.27,91.12,8.32,2.08,3.41,4.48,9.60,99.94
1395,16,+0.2500,117.33,148.33,91.07,8.34,2.09,3.42,4.47,9.62,99.89
1396,16,-0.0625,117.36,148.31,91.08,8.34,2.09,3.42,4.47,9.61,99.87
1397,16,+0.3125,117.21,148.39,91.02,8.36,2.10,3.41,4.48,9.60,99.94
1398,16,+0.1875,117.30,148.44,91.06,8.35,2.10,3.42,4.47,9.59,99.90
1399,16,+0.0000,117.30,148.44,91.06,8.35,2.10,3.42,4.47,9.59,99.90
1400,16,+0.0000,117.30,148.44,91.06,8.35,2.10,3.42,4.47,9.59,99.90
1401,16,+0.1250,117.36,148.41,91.03,8.35,2.10,3.41,4.48,9.60,99.92
1402,16,-0.3125,117.51,148.49,90.97,8.37,2.10,3.41,4.46,9.61,99.99
1403,16,+0.1250,117.57,148.52,90.94,8.36,2.10,3.41,4.47,9.62,100.01
1404,16,+0.0000,117.57,148.52,90.94,8.36,2.10,3.41,4.47,9.62,100.01
1405,16,+0.0625,117.60,148.50,90.93,8.36,2.10,3.41,4.47,9.62,100.03
1406,16,+0.1250,117.54,148.54,90.96,8.37,2.09,3.41,4.47,9.61,100.05
1407,16,-0.0625,117.57,148.52,90.97,8.37,2.09,3.41,4.47,9.61,100.04
1408,16,+0.0000,117.57,148.52,90.97,8.37,2.09,3.41,4.47,9.61,100.04
1409,16,-0.1250,117.63,148.55,90.94,8.36,2.09,3.41,4.46,9.60,100.01
1410,16,-0.1875,117.54,148.50,90.91,8.37,2.09,3.41,4.45,9.61,99.97
1411,16,+0.0625,117.51,148.49,90.92,8.37,2.09,3.41,4.46,9.61,99.96
1412,16,-0.1250,117.45,148.52,90.89,8.38,2.09,3.42,4.45,9.60,99.94
1413,16,+0.1250,117.51,148.55,90.87,8.38,2.09,3.42,4.45,9.61,99.91
1414,16,-0.1250,117.57,148.58,90.89,8.38,2.09,3.42,4.44,9.60,99.89
1415,16,+0.0000,117.57,148.58,90.89,8.38,2.09,3.42,4.44,9.60,99.89
1416,16,+0.1250,117.51,148.61,90.87,8.38,2.09,3.43,4.43,9.61,99.86
1417,16,-0.1875,117.42,148.66,90.83,8.39,2.09,3.42,4.42,9.60,99.82
1418,16,-0.1250,117.48,148.63,90.81,8.39,2.08,3.42,4.43,9.60,99.85
1419,16,+0.1250,117.42,148.60,90.78,8.38,2.08,3.42,4.42,9.59,99.87
1420,16,-0.3750,117.24,148.50,90.86,8.40,2.09,3.41,4.44,9.61,99.95
1421,16,+0.0625,117.21,148.49,90.84,8.40,2.09,3.41,4.45,9.60,99.94
1422,16,+0.1875,117.12,148.54,90.88,8.41,2.08,3.41,4.45,9.60,99.97
1423,16,+0.0625,117.15,148.55,90.87,8.41,2.09,3.41,4.45,9.60,99.99
1424,16,-0.1250,117.21,148.52,90.84,8.41,2.08,3.41,4.46,9.60,99.96
1425,16,-0.0625,117.18,148.54,90.83,8.42,2.08,3.41,4.45,9.61,99.97
1426,16,-0.1250,117.24,148.57,90.86,8.42,2.08,3.41,4.46,9.60,99.95
1427,16,+0.1875,117.15,148.52,90.89,8.43,2.07,3.41,4.47,9.59,99.91
1428,16,-0.1250,117.21,148.55,90.87,8.43,2.08,3.40,4.46,9.59,99.94
1429,16,+0.0625,117.18,148.54,90.86,8.42,2.08,3.40,4.47,9.58,99.95
1430,16,+0.0000,117.18,148.54,90.86,8.42,2.08,3.40,4.47,9.58,99.95
1431,16,-0.1250,117.24,148.50,90.83,8.43,2.08,3.41,4.47,9.58,99.97
1432,16,-0.1875,117.15,148.55,90.79,8.44,2.07,3.40,4.48,9.59,100.01
1433,16,-0.0625,117.18,148.54,90.81,8.44,2.07,3.40,4.49,9.59,100.02
1434,16,-0.0625,117.21,148.52,90.82,8.44,2.07,3.40,4.48,9.59,100.04
1435,16,+0.1875,117.30,148.57,90.78,8.45,2.08,3.40,4.49,9.58,100.07
1436,16,+0.0000,117.30,148.57,90.78,8.45,2.08,3.40,4.49,9.58,100.07
1437,16,-0.0625,117.33,148.58,90.77,8.44,2.07,3.40,4.49,9.57,100.06
1438,16,+0.1250,117.39,148.61,90.74,8.45,2.07,3.39,4.50,9.57,100.09
1439,16,+0.0625,117.36,148.60,90.76,8.45,2.07,3.39,4.49,9.56,100.07
1440,16,+0.1250,117.30,148.57,90.78,8.45,2.07,3.39,4.49,9.56,100.05
1441,16,+0.2500,117.42,148.63,90.73,8.46,2.06,3.39,4.50,9.55,100.00
1442,16,-0.3750,117.60,148.54,90.81,8.48,2.07,3.38,4.52,9.53,100.07
1443,16,+0.0000,117.60,148.54,90.81,8.48,2.07,3.38,4.52,9.53,100.07
1444,16,+0.0000,117.60,148.54,90.81,8.48,2.07,3.38,4.52,9.53,100.07
1445,16,+0.0000,117.60,148.54,90.81,8.48,2.07,3.38,4.52,9.53,100.07
1446,16,+0.1875,117.69,148.49,90.77,8.47,2.08,3.37,4.53,9.52,100.11
1447,16,+0.0625,117.66,148.50,90.76,8.47,2.08,3.38,4.53,9.51,100.10
1448,16,-0.1250,117.60,148.54,90.78,8.46,2.08,3.38,4.52,9.52,100.12
1449,16,-0.2500,117.72,148.60,90.83,8.47,2.07,3.38,4.54,9.53,100.07
1450,16,-0.0625,117.69,148.61,90.84,8.47,2.07,3.38,4.53,9.53,100.09
1451,16,-0.1250,117.63,148.58,90.87,8.46,2.07,3.39,4.53,9.52,100.06
1452,16,+0.2500,117.75,148.52,90.82,8.48,2.08,3.39,4.54,9.54,100.01
1453,16,-0.1250,117.69,148.49,90.79,8.48,2.07,3.40,4.53,9.53,100.04
1454,16,-0.1875,117.60,148.54,90.83,8.49,2.07,3.39,4.52,9.54,100.07
1455,16,+0.0000,117.60,148.54,90.83,8.49,2.07,3.39,4.52,9.54,100.07
1456,16,+0.0625,117.63,148.52,90.82,8.49,2.07,3.39,4.53,9.54,100.06
1457,16,-0.0625,117.60,148.54,90.83,8.50,2.07,3.39,4.53,9.54,100.05
1458,16,+0.0000,117.60,148.54,90.83,8.50,2.07,3.39,4.53,9.54,100.05
1459,16,-0.1250,117.54,148.57,90.81,8.49,2.07,3.39,4.52,9.55,100.07
1460,16,+0.1250,117.60,148.60,90.83,8.50,2.07,3.39,4.52,9.55,100.10
1461,16,+0.3125,117.45,148.52,90.89,8.51,2.06,3.40,4.50,9.57,100.16
1462,16,+0.2500,117.57,148.46,90.84,8.53,2.07,3.41,4.51,9.55,100.11
1463,16,-0.1875,117.48,148.50,90.88,8.54,2.07,3.40,4.52,9.55,100.15
1464,16,-0.3125,117.33,148.43,90.82,8.52,2.07,3.39,4.51,9.53,100.21
1465,16,-0.0625,117.36,148.44,90.81,8.52,2.07,3.39,4.51,9.53,100.20
1466,16,-0.2500,117.24,148.38,90.86,8.53,2.07,3.39,4.52,9.52,100.25
1467,16,+0.0625,117.27,148.40,90.84,8.53,2.06,3.39,4.53,9.52,100.24
1468,16,-0.1250,117.33,148.37,90.87,8.52,2.07,3.39,4.53,9.52,100.26
1469,16,-0.1250,117.39,148.40,90.84,8.51,2.06,3.39,4.54,9.51,100.29
1470,16,+0.1250,117.45,148.37,90.82,8.51,2.07,3.39,4.55,9.52,100.26
1471,16,-0.1250,117.51,148.40,90.84,8.51,2.06,3.39,4.55,9.52,100.29
1472,16,-0.1250,117.57,148.43,90.87,8.51,2.07,3.39,4.55,9.53,100.26
1473,16,-0.0625,117.60,148.44,90.86,8.51,2.07,3.39,4.55,9.53,100.27
1474,16,-0.0625,117.63,148.43,90.84,8.51,2.06,3.39,4.55,9.52,100.29
1475,16,-0.1250,117.68,148.46,90.82,8.50,2.07,3.39,4.55,9.52,100.31
1476,16,-0.1875,117.77,148.50,90.78,8.51,2.06,3.39,4.55,9.51,100.27
1477,16,+0.3125,117.92,148.58,90.72,8.53,2.07,3.40,4.54,9.49,100.21
1478,16,-0.0625,117.95,148.60,90.73,8.53,2.07,3.40,4.54,9.50,100.20
1479,16,+0.0625,117.92,148.61,90.74,8.53,2.07,3.40,4.54,9.49,100.19
1480,16,+0.0625,117.89,148.63,90.76,8.53,2.07,3.40,4.54,9.50,100.20
1481,16,+0.0625,117.86,148.64,90.74,8.53,2.07,3.40,4.54,9.49,100.21
1482,16,-0.1875,117.95,148.60,90.78,8.54,2.07,3.39,4.53,9.50,100.17
1483,16,+0.2500,117.83,148.66,90.73,8.55,2.08,3.39,4.54,9.49,100.12
1484,16,-0.1875,117.92,148.61,90.77,8.56,2.08,3.38,4.55,9.50,100.09
1485,16,+0.0625,117.95,148.60,90.76,8.56,2.08,3.38,4.55,9.50,100.10
1486,16,-0.2500,117.83,148.54,90.71,8.57,2.09,3.38,4.56,9.51,100.05
1487,16,-0.1250,117.89,148.50,90.73,8.58,2.09,3.38,4.57,9.51,100.08
1488,16,+0.1875,117.98,148.46,90.69,8.57,2.10,3.39,4.58,9.52,100.11
1489,16,+0.0000,117.98,148.46,90.69,8.57,2.10,3.39,4.58,9.52,100.11
1490,16,-0.1875,117.89,148.50,90.73,8.56,2.10,3.39,4.59,9.53,100.15
1491,16,+0.0000,117.89,148.50,90.73,8.56,2.10,3.39,4.59,9.53,100.15
1492,16,+0.0000,117.89,148.50,90.73,8.56,2.10,3.39,4.59,9.53,100.15
1493,16,-0.0625,117.92,148.52,90.72,8.56,2.10,3.39,4.59,9.52,100.16
1494,16,-0.1250,117.98,148.55,90.70,8.57,2.10,3.39,4.58,9.52,100.14
1495,16,+0.1875,118.07,148.50,90.66,8.56,2.10,3.40,4.57,9.53,100.17
1496,16,+0.0000,118.07,148.50,90.66,8.56,2.10,3.40,4.57,9.53,100.17
1497,16,-0.1875,118.15,148.55,90.62,8.57,2.10,3.39,4.56,9.52,100.14
1498,16,-0.1875,118.24,148.50,90.66,8.56,2.10,3.39,4.55,9.53,100.10
1499,16,+0.0000,118.24,148.50,90.66,8.56,2.10,3.39,4.55,9.53,100.10
1500,16,+0.0000,118.24,148.50,90.66,8.56,2.10,3.39,4.55,9.53,100.10
1501,16,+0.2500,118.12,148.57,90.61,8.55,2.11,3.39,4.57,9.51,100.05
1502,16,-0.2500,118.24,148.50,90.56,8.54,2.10,3.40,4.55,9.50,100.10
1503,16,-0.1250,118.18,148.54,90.58,8.54,2.10,3.40,4.56,9.51,100.12
1504,16,-0.1250,118.12,148.57,90.56,8.54,2.09,3.40,4.55,9.50,100.10
1505,16,-0.0625,118.15,148.58,90.55,8.54,2.09,3.40,4.55,9.50,100.11
1506,16,-0.1875,118.24,148.54,90.58,8.55,2.10,3.40,4.54,9.51,100.08
1507,16,+0.0625,118.21,148.55,90.57,8.55,2.10,3.40,4.54,9.51,100.06
1508,16,-0.3125,118.07,148.63,90.63,8.54,2.10,3.41,4.55,9.53,100.00
1509,16,-0.0625,118.04,148.64,90.62,8.54,2.10,3.41,4.55,9.52,100.01
1510,16,+0.0625,118.07,148.66,90.63,8.54,2.10,3.41,4.55,9.53,100.00
1511,16,-0.1875,118.15,148.61,90.67,8.53,2.11,3.41,4.54,9.52,99.97
1512,16,-0.2500,118.04,148.67,90.72,8.52,2.11,3.41,4.55,9.53,99.92
1513,16,+0.1250,118.09,148.64,90.69,8.53,2.11,3.41,4.55,9.54,99.94
1514,16,-0.1875,118.18,148.69,90.66,8.52,2.11,3.42,4.54,9.53,99.90
1515,16,+0.2500,118.30,148.63,90.71,8.53,2.11,3.41,4.55,9.54,99.95
1516,16,+0.1875,118.21,148.58,90.67,8.54,2.12,3.41,4.54,9.53,99.92
1517,16,+0.0000,118.21,148.58,90.67,8.54,2.12,3.41,4.54,9.53,99.92
1518,16,+0.1875,118.12,148.63,90.71,8.53,2.11,3.41,4.53,9.54,99.95
1519,16,+0.0625,118.09,148.64,90.72,8.53,2.11,3.41,4.53,9.54,99.97
1520,16,+0.1250,118.15,148.61,90.69,8.53,2.11,3.40,4.54,9.53,99.99
1521,16,-0.0625,118.18,148.60,90.68,8.53,2.12,3.40,4.54,9.53,100.00
1522,16,+0.1250,118.12,148.57,90.71,8.54,2.11,3.41,4.54,9.52,99.98
1523,16,+0.0000,118.12,148.57,90.71,8.54,2.11,3.41,4.54,9.52,99.98
1524,16,-0.2500,118.24,148.51,90.76,8.55,2.12,3.41,4.52,9.51,100.03
1525,16,+0.0000,118.24,148.51,90.76,8.55,2.12,3.41,4.52,9.51,100.03
1526,16,+0.0625,118.21,148.49,90.74,8.55,2.12,3.41,4.53,9.51,100.01
1527,16,+0.1875,118.30,148.54,90.78,8.56,2.11,3.42,4.54,9.50,99.98
1528,16,+0.0625,118.33,148.55,90.77,8.56,2.11,3.42,4.54,9.51,99.99
1529,16,-0.1250,118.27,148.58,90.79,8.56,2.11,3.41,4.53,9.50,99.97
1530,16,+0.0625,118.24,148.60,90.80,8.56,2.11,3.42,4.53,9.50,99.98
1531,16,+0.0625,118.21,148.58,90.82,8.56,2.11,3.41,4.53,9.50,99.97
1532,16,-0.1250,118.27,148.55,90.79,8.56,2.11,3.41,4.53,9.51,99.94
1533,16,+0.0000,118.27,148.55,90.79,8.56,2.11,3.41,4.53,9.51,99.94
1534,16,-0.0625,118.24,148.57,90.78,8.56,2.11,3.41,4.52,9.50,99.95
1535,16,-0.1875,118.15,148.61,90.82,8.57,2.10,3.40,4.53,9.49,99.92
1536,16,-0.2500,118.27,148.55,90.77,8.56,2.10,3.41,4.55,9.51,99.97
1537,16,-0.0625,118.24,148.54,90.76,8.56,2.09,3.41,4.54,9.50,99.98
1538,16,-0.0625,118.21,148.55,90.77,8.56,2.10,3.41,4.55,9.51,99.97
1539,16,+0.1875,118.12,148.60,90.80,8.57,2.09,3.40,4.55,9.51,99.93
1540,16,-0.1875,118.21,148.55,90.84,8.58,2.10,3.41,4.56,9.51,99.97
1541,16,-0.1875,118.12,148.51,90.80,8.57,2.10,3.41,4.57,9.51,100.00
1542,16,-0.0625,118.10,148.52,90.79,8.57,2.10,3.41,4.57,9.51,100.01
1543,16,+0.1875,118.01,148.57,90.76,8.58,2.11,3.42,4.56,9.52,99.98
1544,16,+0.1250,117.95,148.54,90.73,8.58,2.11,3.42,4.55,9.53,100.00
1545,16,+0.0000,117.95,148.54,90.73,8.58,2.11,3.42,4.55,9.53,100.00
1546,16,+0.0000,117.95,148.54,90.73,8.58,2.11,3.42,4.55,9.53,100.00
1547,16,+0.0000,117.95,148.54,90.73,8.58,2.11,3.42,4.55,9.53,100.00
1548,16,-0.1875,118.04,148.58,90.70,8.57,2.11,3.42,4.56,9.52,99.97
1549,16,+0.1875,117.95,148.54,90.66,8.56,2.12,3.42,4.55,9.53,100.00
1550,16,-0.0625,117.98,148.55,90.65,8.56,2.12,3.42,4.55,9.53,99.99
1551,16,-0.1250,118.04,148.52,90.67,8.56,2.12,3.41,4.56,9.54,99.97
1552,16,-0.1250,118.10,148.49,90.70,8.56,2.12,3.42,4.56,9.53,99.99
1553,16,+0.0625,118.12,148.48,90.68,8.56,2.12,3.42,4.57,9.53,100.00
1554,16,+0.1250,118.18,148.45,90.66,8.55,2.12,3.41,4.57,9.53,100.03
1555,16,+0.1875,118.27,148.40,90.62,8.54,2.12,3.41,4.56,9.52,99.99
1556,16,+0.1875,118.35,148.45,90.66,8.55,2.11,3.41,4.57,9.53,99.95
1557,16,+0.0625,118.32,148.46,90.65,8.56,2.11,3.41,4.57,9.53,99.94
1558,16,+0.1250,118.27,148.43,90.67,8.55,2.12,3.42,4.58,9.52,99.92
1559,16,-0.1250,118.21,148.40,90.65,8.56,2.11,3.42,4.57,9.52,99.89
1560,16,+0.0000,118.21,148.40,90.65,8.56,2.11,3.42,4.57,9.52,99.89
1561,16,-0.0625,118.24,148.39,90.66,8.55,2.11,3.42,4.57,9.51,99.88
1562,16,+0.3125,118.38,148.46,90.72,8.54,2.10,3.41,4.55,9.50,99.82
1563,16,+0.1250,118.44,148.49,90.74,8.54,2.10,3.41,4.56,9.49,99.85
1564,16,-0.1250,118.50,148.52,90.77,8.55,2.10,3.42,4.56,9.49,99.87
1565,16,+0.0625,118.52,148.54,90.78,8.55,2.11,3.42,4.57,9.48,99.88
1566,16,-0.0625,118.55,148.55,90.77,8.55,2.11,3.42,4.57,9.48,99.89
1567,16,+0.0000,118.55,148.55,90.77,8.55,2.11,3.42,4.57,9.48,99.89
1568,16,+0.2500,118.67,148.61,90.72,8.54,2.11,3.42,4.58,9.47,99.85
1569,16,+0.0625,118.69,148.63,90.71,8.54,2.12,3.42,4.58,9.47,99.83
1570,16,+0.2500,118.58,148.57,90.66,8.55,2.11,3.42,4.57,9.48,99.79
1571,16,-0.0625,118.61,148.55,90.67,8.55,2.11,3.42,4.57,9.48,99.80
1572,16,+0.1875,118.69,148.51,90.64,8.56,2.10,3.42,4.56,9.47,99.76
1573,16,+0.1250,118.75,148.48,90.61,8.55,2.10,3.42,4.55,9.48,99.74
1574,16,+0.1875,118.84,148.43,90.58,8.54,2.10,3.42,4.56,9.49,99.77
1575,16,-0.0625,118.86,148.45,90.59,8.54,2.11,3.42,4.56,9.49,99.76
1576,16,+0.1250,118.92,148.48,90.61,8.55,2.11,3.42,4.57,9.50,99.74
1577,16,-0.2500,118.81,148.42,90.66,8.56,2.10,3.43,4.58,9.51,99.69
1578,16,+0.3125,118.95,148.49,90.72,8.57,2.11,3.44,4.56,9.52,99.75
1579,16,-0.1250,119.01,148.46,90.70,8.58,2.11,3.43,4.56,9.52,99.77
1580,16,+0.0625,118.98,148.45,90.71,8.58,2.12,3.43,4.56,9.52,99.79
1581,16,+0.0000,118.98,148.45,90.71,8.58,2.12,3.43,4.56,9.52,99.79
1582,16,+0.0000,118.98,148.45,90.71,8.58,2.12,3.43,4.56,9.52,99.79
1583,16,-0.3125,118.84,148.52,90.77,8.57,2.12,3.44,4.58,9.51,99.85
1584,16,-0.2500,118.72,148.46,90.81,8.58,2.13,3.45,4.59,9.49,99.80
1585,16,+0.0000,118.72,148.46,90.81,8.58,2.13,3.45,4.59,9.49,99.80
1586,16,+0.1250,118.78,148.43,90.79,8.59,2.13,3.44,4.59,9.49,99.77
1587,16,+0.0625,118.75,148.42,90.78,8.58,2.13,3.44,4.60,9.49,99.79
1588,16,-0.1250,118.81,148.45,90.80,8.58,2.13,3.45,4.59,9.48,99.81
1589,16,-0.0625,118.84,148.46,90.79,8.57,2.13,3.45,4.59,9.49,99.80
1590,16,+0.0625,118.81,148.48,90.80,8.58,2.13,3.45,4.60,9.49,99.79
1591,16,+0.1250,118.75,148.45,90.83,8.57,2.14,3.44,4.59,9.50,99.76
1592,16,+0.1875,118.84,148.40,90.79,8.56,2.14,3.44,4.60,9.49,99.80
1593,16,-0.1250,118.78,148.43,90.77,8.57,2.14,3.43,4.61,9.48,99.77
1594,16,+0.1875,118.70,148.39,90.73,8.58,2.14,3.44,4.60,9.47,99.81
1595,16,+0.3750,118.53,148.30,90.80,8.56,2.13,3.45,4.58,9.45,99.74
1596,16,-0.0625,118.55,148.28,90.79,8.56,2.13,3.45,4.58,9.45,99.75
1597,16,+0.0625,118.58,148.30,90.78,8.57,2.13,3.45,4.58,9.45,99.74
1598,16,-0.1250,118.53,148.27,90.75,8.56,2.13,3.45,4.57,9.46,99.76
1599,16,-0.0625,118.50,148.28,90.77,8.56,2.13,3.46,4.58,9.46,99.75
1600,16,+0.0000,118.50,148.28,90.77,8.56,2.13,3.46,4.58,9.46,99.75
1601,16,-0.3125,118.36,148.21,90.71,8.57,2.14,3.45,4.56,9.44,99.81
1602,16,+0.1875,118.44,148.25,90.74,8.56,2.13,3.45,4.57,9.45,99.85
1603,16,+0.0625,118.41,148.27,90.73,8.57,2.13,3.45,4.57,9.45,99.83
1604,16,-0.1875,118.50,148.22,90.70,8.56,2.14,3.45,4.56,9.44,99.80
1605,16,-0.0625,118.53,148.24,90.68,8.56,2.14,3.45,4.56,9.44,99.79
1606,16,-0.1250,118.47,148.27,90.71,8.57,2.14,3.45,4.55,9.43,99.76
1607,16,+0.1250,118.41,148.30,90.73,8.56,2.14,3.45,4.55,9.44,99.74
1608,16,+0.1875,118.33,148.34,90.77,8.55,2.13,3.46,4.54,9.45,99.77
1609,16,+0.0000,118.33,148.34,90.77,8.55,2.13,3.46,4.54,9.45,99.77
1610,16,-0.0625,118.30,148.33,90.78,8.55,2.14,3.46,4.54,9.45,99.76
1611,16,+0.2500,118.41,148.39,90.83,8.54,2.14,3.45,4.53,9.44,99.81
1612,16,+0.1875,118.33,148.43,90.79,8.54,2.14,3.45,4.54,9.43,99.77
1613,16,+0.2500,118.44,148.37,90.84,8.53,2.14,3.45,4.55,9.42,99.73
1614,16,+0.2500,118.33,148.31,90.79,8.54,2.14,3.45,4.54,9.40,99.77
1615,16,+0.0625,118.36,148.33,90.80,8.54,2.14,3.45,4.54,9.40,99.76
1616,16,+0.1250,118.41,148.30,90.83,8.55,2.13,3.45,4.54,9.41,99.79
1617,16,+0.1875,118.50,148.25,90.86,8.54,2.13,3.45,4.53,9.40,99.82
1618,16,+0.1250,118.44,148.28,90.88,8.53,2.13,3.46,4.52,9.40,99.84
1619,16,-0.1875,118.53,148.33,90.85,8.52,2.14,3.46,4.53,9.40,99.88
1620,16,+0.3125,118.39,148.25,90.79,8.54,2.14,3.47,4.52,9.38,99.82
1621,16,+0.1250,118.33,148.28,90.77,8.53,2.14,3.47,4.52,9.37,99.84
1622,16,+0.1250,118.39,148.31,90.79,8.53,2.14,3.47,4.52,9.38,99.82
1623,16,+0.1250,118.33,148.34,90.77,8.53,2.15,3.46,4.52,9.37,99.84
1624,16,+0.0625,118.30,148.33,90.78,8.54,2.14,3.47,4.53,9.37,99.86
1625,16,-0.1875,118.22,148.28,90.74,8.53,2.14,3.47,4.53,9.36,99.82
1626,16,-0.1250,118.16,148.31,90.77,8.53,2.14,3.47,4.53,9.37,99.80
1627,16,+0.0625,118.19,148.33,90.78,8.54,2.14,3.47,4.53,9.37,99.79
1628,16,-0.1250,118.25,148.30,90.80,8.53,2.13,3.47,4.54,9.37,99.81
1629,16,-0.0625,118.22,148.31,90.81,8.53,2.13,3.47,4.53,9.37,99.80
1630,16,+0.0625,118.19,148.33,90.83,8.53,2.14,3.47,4.54,9.37,99.79
1631,16,+0.3125,118.05,148.40,90.77,8.54,2.14,3.48,4.55,9.35,99.73
1632,16,+0.0625,118.02,148.39,90.76,8.54,2.14,3.48,4.55,9.35,99.74
1633,16,-0.1250,117.97,148.36,90.73,8.54,2.15,3.48,4.55,9.36,99.76
1634,16,+0.1250,117.91,148.39,90.71,8.54,2.15,3.47,4.55,9.35,99.79
1635,16,-0.0625,117.94,148.40,90.70,8.54,2.15,3.47,4.55,9.35,99.77
1636,16,+0.0000,117.94,148.40,90.70,8.54,2.15,3.47,4.55,9.35,99.77
1637,16,+0.0625,117.97,148.39,90.68,8.54,2.15,3.47,4.55,9.35,99.79
1638,16,+0.1250,118.02,148.41,90.71,8.54,2.15,3.47,4.55,9.35,99.81
1639,16,+0.0000,118.02,148.41,90.71,8.54,2.15,3.47,4.55,9.35,99.81
1640,16,-0.1250,117.97,148.39,90.73,8.53,2.15,3.47,4.55,9.34,99.83
1641,16,+0.0625,117.99,148.40,90.74,8.53,2.15,3.47,4.56,9.34,99.84
1642,16,+0.0000,117.99,148.40,90.74,8.53,2.15,3.47,4.56,9.34,99.84
1643,16,-0.0625,117.97,148.39,90.75,8.53,2.15,3.47,4.55,9.34,99.83
1644,16,+0.1875,118.05,148.34,90.72,8.52,2.15,3.47,4.56,9.35,99.80
1645,16,+0.0000,118.05,148.34,90.72,8.52,2.15,3.47,4.56,9.35,99.80
1646,16,-0.2500,117.94,148.28,90.67,8.51,2.14,3.47,4.55,9.34,99.75
1647,16,+0.3125,118.08,148.36,90.73,8.52,2.13,3.48,4.54,9.33,99.81
1648,16,-0.0625,118.11,148.34,90.72,8.53,2.13,3.48,4.53,9.33,99.82
1649,16,+0.0000,118.11,148.34,90.72,8.53,2.13,3.48,4.53,9.33,99.82
1650,16,-0.1875,118.02,148.39,90.68,8.52,2.13,3.49,4.53,9.34,99.86
1651,16,+0.2500,117.91,148.44,90.64,8.53,2.12,3.48,4.51,9.33,99.90
1652,16,+0.0000,117.91,148.44,90.64,8.53,2.12,3.48,4.51,9.33,99.90
1653,16,-0.1250,117.97,148.47,90.66,8.54,2.12,3.48,4.52,9.32,99.93
1654,16,+0.0625,117.94,148.46,90.65,8.53,2.12,3.48,4.52,9.32,99.94
1655,16,-0.1875,118.02,148.50,90.61,8.54,2.13,3.48,4.53,9.33,99.90
1656,16,+0.3125,118.16,148.43,90.56,8.56,2.12,3.49,4.54,9.32,99.96
1657,16,-0.2500,118.05,148.37,90.60,8.54,2.13,3.49,4.55,9.30,99.91
1658,16,+0.1250,118.10,148.40,90.63,8.55,2.12,3.49,4.56,9.31,99.94
1659,16,-0.1875,118.02,148.36,90.59,8.56,2.12,3.50,4.57,9.32,99.90
1660,16,+0.3750,117.86,148.27,90.52,8.54,2.13,3.49,4.58,9.30,99.97
1661,16,+0.2500,117.97,148.21,90.47,8.55,2.13,3.48,4.57,9.29,99.93
1662,16,-0.2500,117.86,148.15,90.43,8.54,2.13,3.49,4.58,9.30,99.97
1663,16,+0.1875,117.77,148.11,90.46,8.55,2.13,3.48,4.59,9.29,99.94
1664,16,+0.0625,117.80,148.12,90.45,8.55,2.13,3.48,4.59,9.30,99.93
1665,16,+0.1250,117.86,148.09,90.43,8.55,2.13,3.48,4.58,9.30,99.90
1666,16,+0.2500,117.75,148.04,90.47,8.56,2.12,3.49,4.60,9.29,99.95
1667,16,+0.0000,117.75,148.04,90.47,8.56,2.12,3.49,4.60,9.29,99.95
1668,16,+0.3125,117.61,147.96,90.42,8.58,2.13,3.49,4.58,9.30,99.89
1669,16,+0.1250,117.55,147.93,90.39,8.57,2.13,3.49,4.57,9.31,99.87
1670,16,+0.0625,117.58,147.95,90.41,8.57,2.13,3.49,4.58,9.31,99.88
1671,16,+0.2500,117.69,148.01,90.45,8.58,2.14,3.48,4.59,9.30,99.93
1672,16,+0.0625,117.72,147.99,90.44,8.58,2.14,3.49,4.59,9.30,99.94
1673,16,-0.1250,117.66,148.02,90.42,8.59,2.13,3.49,4.59,9.30,99.91
1674,16,-0.1250,117.61,148.05,90.44,8.58,2.14,3.49,4.59,9.29,99.94
1675,16,+0.0625,117.63,148.07,90.43,8.58,2.14,3.49,4.59,9.29,99.95
1676,16,-0.2500,117.75,148.12,90.47,8.57,2.13,3.48,4.58,9.30,100.00
1677,16,-0.0625,117.72,148.11,90.49,8.57,2.13,3.48,4.58,9.30,99.98
1678,16,+0.0625,117.75,148.12,90.47,8.57,2.13,3.48,4.58,9.31,100.00
1679,16,+0.1875,117.66,148.08,90.51,8.58,2.13,3.48,4.59,9.32,100.03
1680,16,+0.0625,117.69,148.07,90.52,8.58,2.12,3.48,4.58,9.31,100.04
1681,16,-0.1250,117.64,148.09,90.54,8.59,2.13,3.48,4.59,9.31,100.02
1682,16,+0.2500,117.74,148.15,90.50,8.60,2.13,3.48,4.58,9.32,99.97
1683,16,-0.2500,117.85,148.21,90.54,8.61,2.14,3.49,4.59,9.31,99.93
1684,16,-0.3125,117.72,148.28,90.49,8.60,2.13,3.48,4.57,9.32,99.87
1685,16,+0.1250,117.66,148.31,90.51,8.59,2.13,3.48,4.58,9.32,99.85
1686,16,+0.1250,117.61,148.28,90.49,8.60,2.14,3.48,4.57,9.31,99.82
1687,16,+0.1250,117.66,148.25,90.46,8.60,2.13,3.48,4.57,9.32,99.80
1688,16,+0.1875,117.74,148.21,90.50,8.59,2.13,3.48,4.58,9.31,99.83
1689,16,-0.1875,117.66,148.17,90.46,8.59,2.13,3.48,4.57,9.32,99.80
1690,16,+0.1250,117.61,148.20,90.44,8.59,2.13,3.48,4.56,9.31,99.82
1691,16,-0.1250,117.55,148.17,90.42,8.59,2.13,3.48,4.56,9.30,99.85
1692,16,-0.1250,117.61,148.20,90.39,8.58,2.13,3.47,4.56,9.31,99.82
1693,16,+0.0625,117.58,148.18,90.38,8.58,2.13,3.48,4.56,9.31,99.83
1694,16,+0.0000,117.58,148.18,90.38,8.58,2.13,3.48,4.56,9.31,99.83
1695,16,+0.1250,117.53,148.21,90.36,8.58,2.13,3.48,4.57,9.31,99.86
1696,16,-0.0625,117.55,148.22,90.35,8.58,2.13,3.48,4.56,9.31,99.87
1697,16,+0.3125,117.69,148.30,90.29,8.57,2.12,3.47,4.55,9.30,99.81
1698,16,+0.0625,117.72,148.28,90.28,8.56,2.12,3.47,4.55,9.29,99.80
1699,16,+0.0000,117.72,148.28,90.28,8.56,2.12,3.47,4.55,9.29,99.80
1700,16,+0.0000,117.72,148.28,90.28,8.56,2.12,3.47,4.55,9.29,99.80
1701,16,+0.1250,117.77,148.31,90.30,8.57,2.12,3.47,4.55,9.29,99.78
1702,16,+0.1250,117.83,148.28,90.32,8.56,2.12,3.46,4.55,9.29,99.75
1703,16,+0.0625,117.85,148.30,90.31,8.56,2.12,3.47,4.55,9.30,99.74
1704,16,+0.1250,117.80,148.27,90.34,8.55,2.11,3.46,4.54,9.30,99.72
1705,16,-0.1250,117.85,148.30,90.31,8.56,2.12,3.46,4.55,9.30,99.74
1706,16,-0.0625,117.83,148.28,90.32,8.56,2.11,3.46,4.55,9.29,99.73
1707,16,-0.1875,117.91,148.33,90.36,8.57,2.12,3.46,4.55,9.30,99.70
1708,16,-0.2500,117.80,148.38,90.31,8.58,2.11,3.47,4.57,9.29,99.65
1709,16,+0.1250,117.74,148.41,90.29,8.57,2.11,3.47,4.56,9.28,99.67
1710,16,+0.0625,117.77,148.40,90.28,8.57,2.11,3.47,4.56,9.29,99.66
1711,16,-0.1875,117.69,148.35,90.31,8.58,2.10,3.46,4.55,9.28,99.63
1712,16,-0.1250,117.64,148.38,90.34,8.59,2.11,3.47,4.54,9.27,99.65
1713,16,-0.1250,117.58,148.41,90.36,8.59,2.10,3.46,4.55,9.27,99.63
1714,16,-0.0625,117.55,148.43,90.35,8.59,2.10,3.46,4.55,9.26,99.64
1715,16,+0.0625,117.53,148.41,90.34,8.59,2.10,3.46,4.55,9.27,99.65
1716,16,+0.0625,117.50,148.40,90.32,8.59,2.11,3.46,4.55,9.27,99.66
1717,16,+0.0000,117.50,148.40,90.32,8.59,2.11,3.46,4.55,9.27,99.66
1718,16,+0.1875,117.58,148.35,90.29,8.60,2.10,3.46,4.55,9.26,99.63
1719,16,+0.1250,117.64,148.33,90.31,8.59,2.10,3.46,4.55,9.26,99.65
1720,16,+0.0000,117.64,148.33,90.31,8.59,2.10,3.46,4.55,9.26,99.65
1721,16,-0.1875,117.72,148.28,90.28,8.60,2.10,3.46,4.56,9.26,99.62
1722,16,-0.2500,117.61,148.23,90.23,8.59,2.11,3.45,4.55,9.28,99.57
1723,16,+0.0000,117.61,148.23,90.23,8.59,2.11,3.45,4.55,9.28,99.57
1724,16,+0.0000,117.61,148.23,90.23,8.59,2.11,3.45,4.55,9.28,99.57
1725,16,+0.1875,117.69,148.18,90.20,8.58,2.10,3.45,4.54,9.27,99.60
1726,16,+0.0000,117.69,148.18,90.20,8.58,2.10,3.45,4.54,9.27,99.60
1727,16,-0.1875,117.77,148.23,90.16,8.57,2.11,3.44,4.55,9.26,99.57
1728,16,+0.0625,117.80,148.21,90.18,8.58,2.11,3.44,4.55,9.26,99.56
1729,16,+0.1875,117.72,148.25,90.21,8.57,2.10,3.44,4.56,9.27,99.59
1730,16,-0.0625,117.74,148.24,90.22,8.57,2.10,3.44,4.56,9.27,99.60
1731,16,+0.1250,117.80,148.21,90.24,8.56,2.10,3.44,4.57,9.26,99.63
1732,16,+0.0625,117.77,148.20,90.26,8.56,2.10,3.44,4.56,9.26,99.64
1733,16,+0.1250,117.72,148.17,90.23,8.56,2.10,3.44,4.56,9.26,99.62
1734,16,+0.0000,117.72,148.17,90.23,8.56,2.10,3.44,4.56,9.26,99.62
1735,16,-0.1250,117.66,148.14,90.21,8.56,2.10,3.44,4.56,9.25,99.59
1736,16,+0.1250,117.61,148.17,90.19,8.56,2.10,3.44,4.57,9.25,99.62
1737,16,+0.0625,117.58,148.18,90.18,8.56,2.10,3.44,4.57,9.25,99.63
1738,16,+0.0625,117.55,148.20,90.16,8.56,2.10,3.44,4.56,9.25,99.62
1739,16,+0.0625,117.53,148.21,90.18,8.56,2.10,3.44,4.57,9.25,99.63
1740,16,-0.1875,117.61,148.25,90.21,8.57,2.09,3.44,4.57,9.26,99.66
1741,16,+0.0000,117.61,148.25,90.21,8.57,2.09,3.44,4.57,9.26,99.66
1742,16,+0.1875,117.53,148.30,90.24,8.58,2.10,3.44,4.57,9.25,99.63
1743,16,-0.0625,117.55,148.31,90.26,8.57,2.10,3.44,4.57,9.25,99.64
1744,16,+0.1875,117.64,148.35,90.22,8.57,2.10,3.45,4.56,9.24,99.67
1745,16,+0.1875,117.72,148.40,90.26,8.56,2.11,3.45,4.57,9.25,99.71
1746,16,-0.1250,117.77,148.42,90.23,8.56,2.11,3.45,4.57,9.25,99.68
1747,16,+0.1875,117.85,148.47,90.27,8.55,2.11,3.45,4.57,9.26,99.72
1748,16,-0.1250,117.80,148.44,90.29,8.56,2.11,3.45,4.56,9.26,99.74
1749,16,-0.1250,117.85,148.41,90.27,8.57,2.11,3.45,4.55,9.25,99.72
1750,16,+0.0625,117.88,148.42,90.26,8.57,2.11,3.45,4.56,9.25,99.73
1751,16,+0.1875,117.80,148.47,90.22,8.56,2.11,3.44,4.57,9.26,99.70
1752,16,-0.0625,117.82,148.48,90.23,8.56,2.11,3.44,4.57,9.26,99.68
1753,16,+0.3125,117.69,148.41,90.29,8.57,2.11,3.45,4.55,9.27,99.74
1754,16,+0.1875,117.61,148.37,90.32,8.58,2.10,3.46,4.56,9.28,99.77
1755,16,+0.0000,117.61,148.37,90.32,8.58,2.10,3.46,4.56,9.28,99.77
1756,16,+0.0000,117.61,148.37,90.32,8.58,2.10,3.46,4.56,9.28,99.77
1757,16,+0.1875,117.69,148.41,90.29,8.59,2.10,3.45,4.57,9.27,99.74
1758,16,+0.0625,117.66,148.42,90.30,8.59,2.10,3.45,4.57,9.28,99.73
1759,16,+0.0000,117.66,148.42,90.30,8.59,2.10,3.45,4.57,9.28,99.73
1760,16,-0.1250,117.72,148.45,90.28,8.60,2.10,3.45,4.57,9.27,99.71
1761,16,-0.1875,117.80,148.41,90.24,8.60,2.10,3.45,4.57,9.28,99.67
1762,16,+0.0000,117.80,148.41,90.24,8.60,2.10,3.45,4.57,9.28,99.67
1763,16,-0.1250,117.74,148.38,90.27,8.61,2.10,3.46,4.57,9.28,99.70
1764,16,+0.1250,117.69,148.35,90.29,8.62,2.10,3.45,4.57,9.29,99.67
1765,16,+0.0625,117.66,148.34,90.28,8.62,2.10,3.45,4.56,9.29,99.68
1766,16,-0.0625,117.69,148.33,90.27,8.62,2.10,3.45,4.57,9.28,99.70
1767,16,+0.0625,117.72,148.34,90.28,8.62,2.10,3.46,4.56,9.29,99.71
1768,16,-0.1250,117.77,148.31,90.26,8.62,2.10,3.45,4.56,9.28,99.73
1769,16,+0.1250,117.72,148.34,90.23,8.62,2.11,3.46,4.56,9.28,99.75
1770,16,-0.2500,117.61,148.28,90.28,8.61,2.11,3.46,4.55,9.29,99.71
1771,16,+0.0000,117.61,148.28,90.28,8.61,2.11,3.46,4.55,9.29,99.71
1772,16,-0.1875,117.69,148.24,90.31,8.62,2.11,3.46,4.54,9.30,99.67
1773,16,+0.0625,117.72,148.23,90.32,8.62,2.11,3.46,4.55,9.30,99.68
1774,16,+0.3125,117.85,148.30,90.27,8.63,2.10,3.46,4.56,9.28,99.74
1775,16,+0.0625,117.88,148.28,90.26,8.64,2.10,3.46,4.56,9.28,99.75
1776,16,+0.1250,117.82,148.31,90.23,8.64,2.10,3.46,4.56,9.29,99.73
1777,16,+0.1250,117.88,148.28,90.21,8.64,2.10,3.46,4.57,9.29,99.71
1778,16,-0.1250,117.93,148.31,90.23,8.64,2.10,3.46,4.57,9.29,99.73
1779,16,+0.0000,117.93,148.31,90.23,8.64,2.10,3.46,4.57,9.29,99.73
1780,16,-0.1250,117.98,148.28,90.21,8.64,2.10,3.46,4.58,9.29,99.71
1781,16,-0.2500,118.09,148.23,90.17,8.65,2.11,3.47,4.59,9.30,99.75
1782,16,+0.2500,118.20,148.17,90.12,8.66,2.11,3.46,4.60,9.29,99.80
1783,16,-0.0625,118.17,148.16,90.13,8.66,2.11,3.47,4.60,9.30,99.79
1784,16,-0.2500,118.28,148.21,90.09,8.65,2.12,3.47,4.59,9.28,99.83
1785,16,-0.0625,118.30,148.23,90.10,8.65,2.12,3.47,4.59,9.28,99.82
1786,16,-0.1250,118.36,148.25,90.08,8.64,2.12,3.47,4.59,9.28,99.84
1787,16,+0.0625,118.33,148.27,90.06,8.64,2.12,3.47,4.59,9.28,99.83
1788,16,-0.3125,118.46,148.20,90.12,8.65,2.13,3.48,4.60,9.26,99.89
1789,16,+0.0000,118.46,148.20,90.12,8.65,2.13,3.48,4.60,9.26,99.89
1790,16,+0.1250,118.41,148.23,90.14,8.65,2.13,3.48,4.61,9.26,99.91
1791,16,+0.1875,118.49,148.18,90.11,8.64,2.12,3.48,4.60,9.25,99.94
1792,16,-0.2500,118.38,148.13,90.07,8.63,2.12,3.49,4.59,9.24,99.99
1793,16,-0.1875,118.46,148.17,90.10,8.64,2.11,3.49,4.60,9.23,100.02
1794,16,-0.1875,118.38,148.13,90.13,8.64,2.11,3.49,4.61,9.22,100.05
1795,16,-0.2500,118.49,148.18,90.18,8.63,2.12,3.49,4.62,9.23,100.10
1796,16,-0.0625,118.46,148.20,90.17,8.63,2.12,3.49,4.62,9.23,100.11
1797,16,+0.0000,118.46,148.20,90.17,8.63,2.12,3.49,4.62,9.23,100.11
1798,16,-0.0625,118.44,148.21,90.18,8.63,2.12,3.49,4.62,9.23,100.10
1799,16,-0.1250,118.49,148.24,90.20,8.63,2.11,3.50,4.61,9.23,100.12
1800,16,+0.0625,118.52,148.23,90.19,8.63,2.11,3.50,4.61,9.23,100.11
1801,16,+0.1875,118.44,148.27,90.15,8.64,2.12,3.49,4.62,9.22,100.14
1802,16,+0.1875,118.52,148.31,90.19,8.65,2.11,3.50,4.61,9.21,100.11
1803,16,-0.5000,118.31,148.20,90.28,8.67,2.13,3.49,4.64,9.23,100.20
1804,16,+0.0000,118.31,148.20,90.28,8.67,2.13,3.49,4.64,9.23,100.20
1805,16,-0.1250,118.25,148.23,90.26,8.66,2.13,3.49,4.64,9.24,100.18
1806,16,+0.1875,118.17,148.27,90.29,8.66,2.13,3.49,4.63,9.23,100.21
1807,16,-0.0625,118.20,148.28,90.30,8.66,2.13,3.49,4.64,9.23,100.20
1808,16,-0.1875,118.28,148.32,90.33,8.65,2.13,3.48,4.63,9.22,100.17
1809,16,+0.0625,118.31,148.31,90.32,8.65,2.13,3.48,4.63,9.22,100.16
1810,16,-0.1250,118.36,148.34,90.34,8.66,2.13,3.49,4.62,9.21,100.13
1811,16,-0.3750,118.20,148.42,90.41,8.68,2.12,3.50,4.64,9.20,100.20
1812,16,+0.2500,118.31,148.48,90.46,8.69,2.13,3.49,4.65,9.21,100.16
1813,16,-0.0625,118.28,148.46,90.47,8.69,2.13,3.49,4.66,9.21,100.14
1814,16,+0.1250,118.23,148.49,90.49,8.68,2.13,3.49,4.65,9.20,100.17
1815,16,-0.1875,118.31,148.53,90.52,8.68,2.13,3.49,4.64,9.19,100.13
1816,16,-0.1250,118.25,148.56,90.50,8.68,2.13,3.49,4.65,9.20,100.11
1817,16,+0.0625,118.28,148.57,90.49,8.68,2.13,3.49,4.65,9.19,100.12
1818,16,+0.2500,118.17,148.63,90.45,8.67,2.12,3.48,4.64,9.21,100.17
1819,16,+0.3750,118.33,148.55,90.51,8.69,2.13,3.49,4.62,9.22,100.10
1820,16,-0.1875,118.41,148.59,90.48,8.68,2.14,3.48,4.61,9.23,100.13
1821,16,+0.0000,118.41,148.59,90.48,8.68,2.14,3.48,4.61,9.23,100.13
1822,16,-0.0625,118.38,148.60,90.49,8.68,2.13,3.48,4.61,9.23,100.14
1823,16,+0.1250,118.44,148.63,90.47,8.68,2.14,3.48,4.61,9.23,100.12
1824,16,+0.2500,118.33,148.57,90.51,8.67,2.13,3.49,4.59,9.22,100.08
1825,16,+0.0000,118.33,148.57,90.51,8.67,2.13,3.49,4.59,9.22,100.08
1826,16,-0.1875,118.41,148.53,90.48,8.66,2.13,3.49,4.60,9.23,100.04
1827,16,-0.3125,118.28,148.60,90.42,8.64,2.13,3.50,4.59,9.21,100.10
1828,16,+0.0625,118.25,148.59,90.43,8.65,2.14,3.50,4.59,9.21,100.11
1829,16,-0.0625,118.23,148.60,90.45,8.64,2.13,3.50,4.59,9.22,100.10
1830,16,+0.0000,118.23,148.60,90.45,8.64,2.13,3.50,4.59,9.22,100.10
1831,16,-0.0625,118.25,148.62,90.43,8.65,2.14,3.50,4.59,9.22,100.11
1832,16,+0.2500,118.36,148.56,90.48,8.66,2.13,3.50,4.58,9.21,100.16
1833,16,+0.0000,118.36,148.56,90.48,8.66,2.13,3.50,4.58,9.21,100.16
1834,16,-0.1250,118.31,148.53,90.46,8.66,2.13,3.49,4.58,9.20,100.18
1835,16,-0.2500,118.41,148.48,90.50,8.65,2.14,3.50,4.57,9.19,100.22
1836,16,+0.0625,118.38,148.46,90.51,8.66,2.14,3.50,4.57,9.19,100.23
1837,16,-0.1250,118.44,148.49,90.49,8.65,2.14,3.50,4.56,9.19,100.25
1838,16,-0.0625,118.46,148.48,90.50,8.65,2.14,3.50,4.56,9.19,100.27
1839,16,+0.1250,118.41,148.45,90.48,8.64,2.14,3.50,4.56,9.19,100.24
1840,16,-0.0625,118.38,148.46,90.47,8.64,2.15,3.50,4.56,9.18,100.25
1841,16,+0.1250,118.33,148.44,90.45,8.64,2.14,3.51,4.56,9.19,100.23
1842,16,-0.1875,118.41,148.48,90.48,8.63,2.14,3.51,4.55,9.20,100.27
1843,16,-0.0625,118.38,148.49,90.49,8.63,2.14,3.51,4.55,9.20,100.25
1844,16,+0.0000,118.38,148.49,90.49,8.63,2.14,3.51,4.55,9.20,100.25
1845,16,-0.0625,118.41,148.48,90.48,8.63,2.14,3.51,4.55,9.20,100.24
1846,16,-0.4375,118.23,148.38,90.40,8.61,2.15,3.50,4.57,9.18,100.32
1847,16,+0.1875,118.15,148.42,90.37,8.60,2.14,3.51,4.58,9.19,100.35
1848,16,+0.0625,118.17,148.41,90.38,8.61,2.15,3.51,4.57,9.19,100.37
1849,16,-0.0625,118.15,148.42,90.37,8.61,2.14,3.51,4.58,9.20,100.38
1850,16,+0.0000,118.15,148.42,90.37,8.61,2.14,3.51,4.58,9.20,100.38
1851,16,+0.2500,118.25,148.37,90.32,8.60,2.15,3.50,4.56,9.21,100.42
1852,16,+0.2500,118.15,148.31,90.37,8.61,2.16,3.50,4.58,9.22,100.46
1853,16,+0.2500,118.04,148.37,90.41,8.60,2.16,3.50,4.56,9.21,100.51
1854,16,-0.0625,118.02,148.38,90.42,8.59,2.16,3.50,4.57,9.21,100.52
1855,16,+0.3125,118.15,148.45,90.37,8.61,2.17,3.51,4.55,9.22,100.57
1856,16,-0.3125,118.02,148.38,90.42,8.62,2.16,3.50,4.54,9.21,100.63
1857,16,-0.3125,118.15,148.31,90.48,8.64,2.17,3.50,4.55,9.22,100.57
1858,16,+0.0625,118.17,148.33,90.49,8.63,2.17,3.49,4.55,9.22,100.56
1859,16,+0.1250,118.23,148.35,90.51,8.63,2.16,3.49,4.54,9.23,100.59
1860,16,+0.0625,118.25,148.37,90.52,8.63,2.16,3.49,4.55,9.23,100.57
1861,16,+0.1250,118.30,148.40,90.50,8.63,2.17,3.49,4.54,9.22,100.55
1862,16,-0.1250,118.25,148.37,90.48,8.63,2.17,3.49,4.54,9.21,100.57
1863,16,+0.0000,118.25,148.37,90.48,8.63,2.17,3.49,4.54,9.21,100.57
1864,16,+0.0625,118.23,148.38,90.47,8.63,2.17,3.49,4.54,9.21,100.59
1865,16,+0.1250,118.17,148.41,90.45,8.63,2.17,3.49,4.53,9.22,100.56
1866,16,+0.0625,118.20,148.40,90.46,8.64,2.16,3.49,4.54,9.22,100.55
1867,16,+0.2500,118.10,148.45,90.41,8.63,2.16,3.49,4.53,9.21,100.60
1868,16,-0.0625,118.07,148.44,90.42,8.62,2.16,3.49,4.52,9.21,100.59
1869,16,+0.0625,118.04,148.45,90.43,8.62,2.16,3.49,4.53,9.21,100.60
1870,16,+0.0000,118.04,148.45,90.43,8.62,2.16,3.49,4.53,9.21,100.60
1871,16,+0.0625,118.07,148.44,90.42,8.62,2.16,3.49,4.53,9.21,100.61
1872,16,+0.0625,118.10,148.45,90.43,8.62,2.16,3.49,4.53,9.21,100.62
1873,16,+0.0625,118.07,148.44,90.42,8.62,2.16,3.49,4.53,9.21,100.63
1874,16,+0.0000,118.07,148.44,90.42,8.62,2.16,3.49,4.53,9.21,100.63
1875,16,-0.3750,118.23,148.35,90.36,8.61,2.17,3.50,4.51,9.23,100.56
1876,16,+0.0000,118.23,148.35,90.36,8.61,2.17,3.50,4.51,9.23,100.56
1877,16,-0.0625,118.25,148.34,90.35,8.61,2.17,3.50,4.51,9.23,100.55
1878,16,-0.2500,118.15,148.40,90.30,8.60,2.16,3.50,4.50,9.24,100.51
1879,16,-0.1875,118.23,148.44,90.34,8.59,2.17,3.49,4.49,9.23,100.48
1880,16,+0.3125,118.10,148.37,90.28,8.60,2.17,3.50,4.48,9.22,100.53
1881,16,+0.0000,118.10,148.37,90.28,8.60,2.17,3.50,4.48,9.22,100.53
1882,16,+0.3125,118.23,148.30,90.34,8.59,2.17,3.49,4.46,9.21,100.59
1883,16,-0.0625,118.20,148.31,90.32,8.59,2.17,3.49,4.47,9.20,100.57
1884,16,-0.0625,118.23,148.30,90.31,8.59,2.17,3.49,4.46,9.21,100.56
1885,16,-0.1250,118.17,148.33,90.34,8.58,2.17,3.49,4.46,9.21,100.54
1886,16,+0.0000,118.17,148.33,90.34,8.58,2.17,3.49,4.46,9.21,100.54
1887,16,-0.2500,118.07,148.27,90.29,8.57,2.17,3.49,4.47,9.22,100.59
1888,16,-0.2500,117.97,148.33,90.34,8.56,2.18,3.49,4.46,9.23,100.54
1889,16,+0.0625,117.99,148.31,90.32,8.56,2.18,3.50,4.45,9.24,100.53
1890,16,+0.1250,118.04,148.29,90.35,8.55,2.18,3.49,4.46,9.24,100.51
1891,16,+0.2500,117.94,148.23,90.30,8.56,2.19,3.50,4.45,9.23,100.47
1892,16,+0.0625,117.97,148.22,90.31,8.57,2.19,3.50,4.45,9.23,100.45
1893,16,+0.1250,118.02,148.19,90.34,8.56,2.18,3.50,4.45,9.24,100.43
1894,16,-0.0625,118.04,148.18,90.35,8.56,2.19,3.50,4.45,9.24,100.44
1895,16,-0.3125,117.91,148.11,90.29,8.55,2.19,3.49,4.47,9.22,100.39
1896,16,-0.1875,117.99,148.15,90.26,8.56,2.19,3.49,4.46,9.23,100.42
1897,16,-0.1875,117.91,148.11,90.29,8.55,2.19,3.49,4.45,9.24,100.39
1898,16,-0.1875,117.84,148.07,90.26,8.56,2.20,3.48,4.46,9.25,100.36
1899,16,+0.2500,117.73,148.01,90.22,8.57,2.19,3.48,4.45,9.24,100.40
1900,16,+0.1875,117.66,148.05,90.18,8.56,2.19,3.47,4.46,9.24,100.37
1901,16,+0.0000,117.66,148.05,90.18,8.56,2.19,3.47,4.46,9.24,100.37
1902,16,-0.1250,117.71,148.08,90.16,8.56,2.19,3.47,4.46,9.24,100.39
1903,16,+0.0625,117.68,148.09,90.15,8.55,2.19,3.47,4.47,9.24,100.38
1904,16,+0.0625,117.71,148.11,90.14,8.55,2.19,3.47,4.46,9.24,100.37
1905,16,-0.1875,117.79,148.15,90.17,8.56,2.20,3.46,4.47,9.23,100.33
1906,16,-0.1875,117.86,148.11,90.20,8.55,2.20,3.46,4.46,9.22,100.30
1907,16,+0.1250,117.81,148.08,90.23,8.56,2.20,3.46,4.47,9.22,100.32
1908,16,-0.1875,117.89,148.04,90.26,8.56,2.21,3.46,4.48,9.23,100.29
1909,16,+0.0000,117.89,148.04,90.26,8.56,2.21,3.46,4.48,9.23,100.29
1910,16,+0.1250,117.84,148.07,90.24,8.56,2.20,3.45,4.47,9.23,100.27
1911,16,-0.1875,117.76,148.11,90.20,8.57,2.20,3.46,4.48,9.24,100.30
1912,16,-0.1250,117.81,148.08,90.23,8.57,2.20,3.46,4.47,9.24,100.28
1913,16,+0.1875,117.89,148.04,90.19,8.58,2.21,3.45,4.48,9.25,100.31
1914,16,+0.0000,117.89,148.04,90.19,8.58,2.21,3.45,4.48,9.25,100.31
1915,16,+0.0625,117.86,148.05,90.18,8.58,2.21,3.45,4.48,9.25,100.32
1916,16,+0.1250,117.81,148.03,90.16,8.58,2.21,3.45,4.47,9.24,100.35
1917,16,+0.2500,117.71,147.97,90.12,8.57,2.20,3.45,4.46,9.23,100.39
1918,16,+0.0625,117.68,147.96,90.13,8.56,2.20,3.44,4.47,9.24,100.40
1919,16,+0.1250,117.73,147.93,90.15,8.56,2.20,3.44,4.46,9.24,100.42
1920,16,+0.2500,117.84,147.88,90.19,8.57,2.21,3.44,4.47,9.23,100.38
1921,16,+0.0625,117.81,147.89,90.18,8.57,2.21,3.43,4.47,9.23,100.37
1922,16,+0.1250,117.76,147.86,90.16,8.57,2.21,3.43,4.47,9.22,100.35
1923,16,-0.1250,117.71,147.84,90.14,8.57,2.21,3.43,4.46,9.22,100.32
1924,16,-0.0625,117.68,147.82,90.15,8.57,2.22,3.43,4.47,9.22,100.31
1925,16,+0.0625,117.66,147.81,90.14,8.57,2.22,3.43,4.46,9.22,100.32
1926,16,-0.1875,117.58,147.77,90.11,8.56,2.22,3.44,4.47,9.21,100.36
1927,16,+0.1875,117.66,147.81,90.14,8.55,2.22,3.43,4.48,9.22,100.39
1928,16,-0.1875,117.73,147.85,90.11,8.56,2.21,3.44,4.47,9.23,100.42
1929,16,+0.0000,117.73,147.85,90.11,8.56,2.21,3.44,4.47,9.23,100.42
1930,16,-0.0625,117.76,147.84,90.12,8.56,2.21,3.44,4.47,9.23,100.41
1931,16,-0.0625,117.73,147.85,90.13,8.56,2.21,3.44,4.47,9.23,100.40
1932,16,+0.2500,117.84,147.80,90.17,8.55,2.22,3.44,4.48,9.24,100.44
1933,16,-0.1250,117.79,147.77,90.15,8.55,2.22,3.44,4.48,9.25,100.42
1934,16,-0.1875,117.71,147.81,90.12,8.56,2.22,3.44,4.49,9.25,100.39
1935,16,+0.0000,117.71,147.81,90.12,8.56,2.22,3.44,4.49,9.25,100.39
1936,16,-0.0625,117.68,147.82,90.11,8.56,2.22,3.44,4.49,9.26,100.40
1937,16,-0.0625,117.71,147.81,90.10,8.56,2.22,3.44,4.48,9.26,100.41
1938,16,+0.3125,117.84,147.74,90.15,8.58,2.23,3.43,4.47,9.25,100.46
1939,16,+0.1250,117.79,147.77,90.17,8.57,2.22,3.43,4.47,9.25,100.44
1940,16,+0.1250,117.84,147.74,90.15,8.58,2.23,3.43,4.46,9.25,100.46
1941,16,-0.0625,117.81,147.73,90.16,8.57,2.23,3.43,4.46,9.24,100.48
1942,16,-0.3125,117.68,147.80,90.11,8.59,2.23,3.44,4.48,9.23,100.42
1943,16,-0.1875,117.76,147.76,90.08,8.59,2.23,3.44,4.47,9.22,100.45
1944,16,+0.1875,117.68,147.80,90.11,8.59,2.23,3.44,4.46,9.21,100.42
1945,16,-0.1875,117.61,147.76,90.14,8.58,2.23,3.43,4.45,9.22,100.45
1946,16,+0.1875,117.53,147.72,90.11,8.57,2.23,3.44,4.46,9.21,100.49
1947,16,+0.0000,117.53,147.72,90.11,8.57,2.23,3.44,4.46,9.21,100.49
1948,16,-0.0625,117.50,147.73,90.10,8.57,2.23,3.44,4.46,9.22,100.50
1949,16,+0.1250,117.45,147.76,90.12,8.57,2.24,3.43,4.47,9.22,100.48
1950,16,-0.1250,117.50,147.78,90.14,8.56,2.23,3.43,4.46,9.23,100.45
1951,16,+0.0625,117.48,147.80,90.15,8.56,2.23,3.43,4.46,9.23,100.46
1952,16,-0.0625,117.45,147.78,90.14,8.57,2.23,3.43,4.46,9.22,100.48
1953,16,-0.0625,117.43,147.77,90.15,8.56,2.23,3.43,4.46,9.22,100.49
1954,16,-0.0625,117.40,147.76,90.14,8.56,2.23,3.43,4.46,9.22,100.50
1955,16,-0.0625,117.43,147.77,90.13,8.56,2.23,3.43,4.46,9.22,100.49
1956,16,+0.1250,117.48,147.74,90.15,8.56,2.23,3.43,4.47,9.23,100.46
1957,16,-0.1250,117.43,147.77,90.13,8.57,2.23,3.43,4.46,9.23,100.49
1958,16,+0.1875,117.35,147.73,90.16,8.58,2.23,3.42,4.47,9.22,100.45
1959,16,-0.1250,117.40,147.76,90.18,8.57,2.23,3.42,4.46,9.23,100.43
1960,16,-0.1250,117.35,147.73,90.16,8.57,2.23,3.42,4.46,9.22,100.41
1961,16,-0.0625,117.38,147.74,90.15,8.57,2.23,3.42,4.45,9.22,100.40
1962,16,+0.2500,117.27,147.69,90.19,8.58,2.23,3.41,4.44,9.21,100.44
1963,16,+0.2500,117.17,147.74,90.15,8.59,2.23,3.41,4.45,9.20,100.49
1964,16,+0.3125,117.05,147.68,90.10,8.58,2.24,3.40,4.44,9.19,100.54
1965,16,+0.1250,117.10,147.70,90.08,8.57,2.24,3.40,4.45,9.19,100.52
1966,16,-0.0625,117.12,147.69,90.09,8.58,2.24,3.40,4.44,9.19,100.53
1967,16,-0.0625,117.10,147.70,90.10,8.57,2.24,3.40,4.44,9.20,100.54
1968,16,-0.0625,117.12,147.72,90.09,8.58,2.24,3.40,4.44,9.19,100.55
1969,16,-0.0625,117.10,147.73,90.10,8.58,2.24,3.40,4.44,9.20,100.56
1970,16,-0.0625,117.12,147.74,90.09,8.58,2.24,3.40,4.44,9.20,100.57
1971,16,-0.0625,117.15,147.76,90.08,8.58,2.24,3.40,4.44,9.20,100.56
1972,16,+0.1250,117.10,147.78,90.05,8.58,2.25,3.40,4.45,9.21,100.58
1973,16,+0.2500,117.00,147.84,90.01,8.57,2.25,3.41,4.46,9.22,100.62
1974,16,+0.1250,116.94,147.81,90.03,8.56,2.25,3.41,4.45,9.21,100.60
1975,16,-0.1250,117.00,147.84,90.01,8.57,2.25,3.42,4.46,9.22,100.58
1976,16,-0.1250,117.05,147.86,90.03,8.56,2.25,3.41,4.45,9.22,100.56
1977,16,+0.0625,117.07,147.85,90.04,8.56,2.25,3.41,4.45,9.22,100.57
1978,16,+0.0000,117.07,147.85,90.04,8.56,2.25,3.41,4.45,9.22,100.57
1979,16,+0.0625,117.05,147.84,90.03,8.56,2.25,3.41,4.45,9.22,100.56
1980,16,-0.0625,117.07,147.82,90.02,8.56,2.25,3.41,4.45,9.23,100.55
1981,16,-0.3750,117.22,147.90,90.09,8.58,2.24,3.42,4.44,9.21,100.61
1982,16,+0.1875,117.15,147.86,90.12,8.57,2.25,3.42,4.45,9.22,100.65
1983,16,+0.0000,117.15,147.86,90.12,8.57,2.25,3.42,4.45,9.22,100.65
1984,16,-0.1250,117.10,147.84,90.10,8.57,2.25,3.42,4.45,9.22,100.62
1985,16,+0.0625,117.12,147.85,90.11,8.56,2.25,3.42,4.45,9.23,100.61
1986,16,-0.0625,117.10,147.86,90.10,8.56,2.25,3.42,4.46,9.22,100.62
1987,16,-0.1875,117.02,147.90,90.06,8.55,2.26,3.42,4.45,9.21,100.59
1988,16,-0.0625,117.05,147.92,90.08,8.56,2.25,3.42,4.45,9.21,100.60
1989,16,-0.1250,117.10,147.89,90.10,8.55,2.25,3.42,4.45,9.21,100.62
1990,16,+0.0000,117.10,147.89,90.10,8.55,2.25,3.42,4.45,9.21,100.62
1991,16,-0.1250,117.05,147.86,90.12,8.55,2.25,3.42,4.45,9.20,100.60
1992,16,-0.0625,117.02,147.85,90.11,8.54,2.26,3.42,4.44,9.20,100.61
1993,16,+0.2500,117.12,147.90,90.15,8.53,2.25,3.42,4.45,9.21,100.57
1994,16,+0.1250,117.17,147.93,90.17,8.54,2.25,3.41,4.45,9.21,100.59
1995,16,+0.1250,117.22,147.90,90.15,8.54,2.26,3.42,4.45,9.22,100.57
1996,16,+0.0625,117.25,147.92,90.16,8.54,2.26,3.42,4.46,9.22,100.58
1997,16,-0.1250,117.30,147.94,90.18,8.55,2.26,3.41,4.45,9.22,100.60
1998,16,+0.0625,117.27,147.93,90.19,8.54,2.26,3.41,4.45,9.21,100.61
1999,16,+0.0000,117.27,147.93,90.19,8.54,2.26,3.41,4.45,9.21,100.61
2000,16,-0.3125,117.15,148.00,90.14,8.53,2.27,3.42,4.44,9.23,100.67
2001,16,-0.0625,117.17,147.98,90.15,8.53,2.27,3.42,4.44,9.23,100.66
2002,16,+0.4375,117.00,148.08,90.08,8.55,2.28,3.41,4.43,9.24,100.73
2003,16,-0.2500,117.10,148.13,90.03,8.54,2.27,3.42,4.44,9.23,100.69
2004,16,+0.3750,116.95,148.05,90.10,8.53,2.26,3.43,4.42,9.22,100.62
2005,16,-0.0625,116.92,148.06,90.11,8.52,2.26,3.42,4.42,9.22,100.64
2006,16,-0.0625,116.90,148.08,90.12,8.52,2.27,3.43,4.42,9.22,100.62
2007,16,+0.1875,116.82,148.04,90.15,8.53,2.26,3.42,4.41,9.21,100.66
2008,16,+0.1250,116.77,148.06,90.13,8.52,2.26,3.42,4.42,9.20,100.68
2009,16,-0.0625,116.74,148.08,90.12,8.53,2.26,3.43,4.41,9.21,100.69
2010,16,+0.0000,116.74,148.08,90.12,8.53,2.26,3.43,4.41,9.21,100.69
2011,16,+0.1250,116.69,148.10,90.10,8.53,2.26,3.43,4.41,9.21,100.67
2012,16,-0.1250,116.74,148.08,90.08,8.54,2.26,3.43,4.40,9.21,100.65
2013,16,+0.0000,116.74,148.08,90.08,8.54,2.26,3.43,4.40,9.21,100.65
2014,16,-0.1250,116.69,148.05,90.10,8.53,2.26,3.43,4.40,9.20,100.67
2015,16,+0.2500,116.59,148.00,90.05,8.52,2.27,3.42,4.41,9.21,100.62
2016,16,-0.0625,116.57,147.98,90.07,8.52,2.27,3.42,4.41,9.21,100.64
2017,16,+0.0625,116.54,148.00,90.08,8.52,2.27,3.42,4.41,9.21,100.62
2018,16,+0.1250,116.49,147.97,90.10,8.53,2.26,3.43,4.40,9.20,100.60
2019,16,+0.1250,116.44,147.94,90.12,8.52,2.26,3.42,4.41,9.21,100.62
2020,16,+0.1250,116.39,147.97,90.14,8.53,2.26,3.43,4.40,9.20,100.65
2021,16,+0.0000,116.39,147.97,90.14,8.53,2.26,3.43,4.40,9.20,100.65
2022,16,+0.0625,116.42,147.98,90.15,8.52,2.26,3.43,4.40,9.20,100.66
2023,16,+0.1250,116.47,148.01,90.17,8.53,2.27,3.42,4.40,9.21,100.68
2024,16,-0.0625,116.44,148.02,90.16,8.53,2.27,3.42,4.40,9.21,100.67
2025,16,+0.0000,116.44,148.02,90.16,8.53,2.27,3.42,4.40,9.21,100.67
2026,16,-0.1250,116.49,148.00,90.18,8.54,2.26,3.42,4.39,9.21,100.69
2027,16,-0.0625,116.52,147.98,90.19,8.54,2.26,3.42,4.40,9.21,100.70
2028,16,+0.0000,116.52,147.98,90.19,8.54,2.26,3.42,4.40,9.21,100.70
2029,16,+0.0000,116.52,147.98,90.19,8.54,2.26,3.42,4.40,9.21,100.70
2030,16,-0.1250,116.47,147.96,90.17,8.54,2.26,3.42,4.39,9.20,100.72
2031,16,-0.0625,116.49,147.94,90.16,8.54,2.26,3.42,4.39,9.21,100.71
2032,16,+0.3125,116.37,148.01,90.11,8.55,2.25,3.41,4.38,9.22,100.66
2033,16,-0.1250,116.32,148.04,90.13,8.55,2.25,3.41,4.38,9.21,100.68
2034,16,-0.1875,116.39,148.00,90.10,8.56,2.26,3.40,4.38,9.22,100.71
2035,16,+0.1250,116.44,147.97,90.08,8.55,2.26,3.41,4.38,9.23,100.69
2036,16,+0.0000,116.44,147.97,90.08,8.55,2.26,3.41,4.38,9.23,100.69
2037,16,-0.2500,116.34,148.02,90.03,8.54,2.27,3.41,4.37,9.24,100.65
2038,16,-0.0625,116.37,148.01,90.04,8.54,2.27,3.41,4.37,9.24,100.66
2039,16,+0.0000,116.37,148.01,90.04,8.54,2.27,3.41,4.37,9.24,100.66
2040,16,+0.1875,116.44,148.05,90.08,8.55,2.27,3.42,4.36,9.23,100.63
2041,16,+0.0000,116.44,148.05,90.08,8.55,2.27,3.42,4.36,9.23,100.63
2042,16,+0.1250,116.49,148.02,90.05,8.56,2.27,3.42,4.36,9.22,100.60
2043,16,-0.1875,116.42,148.06,90.02,8.56,2.26,3.41,4.36,9.21,100.57
2044,16,-0.1875,116.49,148.02,90.05,8.56,2.26,3.42,4.37,9.21,100.60
2045,16,-0.0625,116.52,148.01,90.07,8.56,2.26,3.42,4.37,9.21,100.61
2046,16,+0.0625,116.54,148.02,90.08,8.56,2.26,3.42,4.37,9.21,100.62
2047,16,-0.4375,116.72,147.93,90.15,8.54,2.27,3.41,4.35,9.22,100.70
2048,16,-0.0625,116.69,147.92,90.14,8.54,2.27,3.41,4.36,9.23,100.71
2049,16,+0.0000,116.69,147.92,90.14,8.54,2.27,3.41,4.36,9.23,100.71
2050,16,+0.1250,116.74,147.89,90.16,8.55,2.27,3.41,4.36,9.23,100.73
2051,16,+0.3750,116.59,147.97,90.22,8.56,2.27,3.40,4.35,9.25,100.67
2052,16,-0.0625,116.57,147.96,90.23,8.56,2.27,3.40,4.35,9.25,100.66
2053,16,+0.0000,116.57,147.96,90.23,8.56,2.27,3.40,4.35,9.25,100.66
2054,16,+0.1875,116.49,147.92,90.26,8.57,2.26,3.39,4.36,9.24,100.63
2055,16,+0.1875,116.42,147.96,90.23,8.58,2.26,3.39,4.35,9.24,100.66
2056,16,-0.1875,116.34,147.92,90.26,8.59,2.26,3.39,4.34,9.24,100.69
2057,16,+0.1250,116.39,147.94,90.24,8.58,2.26,3.40,4.34,9.24,100.71
2058,16,+0.2500,116.29,147.89,90.20,8.59,2.25,3.40,4.33,9.23,100.75
2059,16,-0.0625,116.27,147.90,90.19,8.59,2.25,3.40,4.33,9.23,100.74
2060,16,+0.0000,116.27,147.90,90.19,8.59,2.25,3.40,4.33,9.23,100.74
2061,16,-0.1250,116.22,147.88,90.17,8.60,2.25,3.40,4.32,9.24,100.72
2062,16,+0.1250,116.27,147.90,90.15,8.60,2.25,3.41,4.33,9.23,100.74
2063,16,-0.1250,116.32,147.93,90.13,8.61,2.25,3.41,4.33,9.23,100.72
2064,16,-0.0625,116.29,147.94,90.12,8.60,2.25,3.41,4.33,9.23,100.73
2065,16,+0.0625,116.32,147.93,90.11,8.60,2.25,3.41,4.33,9.23,100.72
2066,16,-0.0625,116.34,147.92,90.12,8.60,2.25,3.41,4.33,9.23,100.73
2067,16,+0.3125,116.22,147.85,90.07,8.61,2.24,3.41,4.31,9.21,100.68
2068,16,+0.2500,116.12,147.90,90.11,8.60,2.25,3.42,4.30,9.20,100.64
2069,16,+0.0000,116.12,147.90,90.11,8.60,2.25,3.42,4.30,9.20,100.64
2070,16,+0.0625,116.15,147.89,90.10,8.60,2.25,3.42,4.30,9.20,100.63
2071,16,-0.2500,116.24,147.94,90.14,8.61,2.25,3.41,4.29,9.21,100.67
2072,16,+0.2500,116.34,147.89,90.18,8.62,2.26,3.42,4.30,9.22,100.71
2073,16,+0.1250,116.29,147.87,90.16,8.61,2.26,3.41,4.30,9.23,100.73
2074,16,-0.1875,116.22,147.90,90.19,8.62,2.25,3.42,4.31,9.24,100.76
2075,16,-0.1875,116.15,147.87,90.16,8.63,2.25,3.42,4.32,9.24,100.79
2076,16,+0.1250,116.10,147.84,90.18,8.64,2.25,3.42,4.31,9.24,100.77
2077,16,-0.2500,116.00,147.79,90.22,8.65,2.24,3.43,4.30,9.23,100.81
2078,16,-0.1250,116.05,147.81,90.24,8.64,2.24,3.43,4.30,9.23,100.79
2079,16,+0.1250,116.10,147.79,90.22,8.64,2.24,3.42,4.29,9.23,100.77
2080,16,-0.3125,116.22,147.72,90.17,8.62,2.24,3.43,4.28,9.21,100.82
2081,16,+0.1250,116.27,147.70,90.15,8.63,2.23,3.43,4.28,9.22,100.80
2082,16,-0.1875,116.34,147.74,90.12,8.64,2.24,3.43,4.27,9.23,100.83
2083,16,-0.1250,116.39,147.76,90.14,8.63,2.23,3.43,4.27,9.23,100.81
2084,16,-0.0625,116.37,147.75,90.13,8.63,2.23,3.43,4.27,9.23,100.82
2085,16,-0.1875,116.44,147.79,90.16,8.64,2.24,3.43,4.28,9.24,100.85
2086,16,+0.3125,116.57,147.72,90.21,8.62,2.23,3.42,4.27,9.25,100.91
2087,16,-0.0625,116.59,147.74,90.22,8.62,2.23,3.43,4.27,9.25,100.92
2088,16,+0.1250,116.64,147.71,90.24,8.61,2.23,3.43,4.26,9.25,100.90
2089,16,+0.0000,116.64,147.71,90.24,8.61,2.23,3.43,4.26,9.25,100.90
2090,16,-0.1250,116.69,147.68,90.22,8.62,2.23,3.43,4.27,9.25,100.92
2091,16,-0.1875,116.62,147.64,90.25,8.63,2.23,3.42,4.26,9.26,100.95
2092,16,-0.1250,116.57,147.62,90.27,8.62,2.23,3.42,4.26,9.27,100.93
2093,16,-0.1250,116.52,147.59,90.29,8.63,2.23,3.43,4.25,9.27,100.91
2094,16,+0.0000,116.52,147.59,90.29,8.63,2.23,3.43,4.25,9.27,100.91
2095,16,-0.0625,116.49,147.58,90.31,8.63,2.23,3.43,4.25,9.27,100.90
2096,16,-0.1250,116.54,147.61,90.28,8.62,2.23,3.43,4.25,9.26,100.92
2097,16,+0.0625,116.52,147.62,90.27,8.63,2.22,3.43,4.25,9.26,100.93
2098,16,+0.0000,116.52,147.62,90.27,8.63,2.22,3.43,4.25,9.26,100.93
2099,16,-0.1875,116.44,147.66,90.24,8.62,2.23,3.43,4.26,9.27,100.90
2100,16,+0.0000,116.44,147.66,90.24,8.62,2.23,3.43,4.26,9.27,100.90
2101,16,-0.1250,116.39,147.68,90.26,8.61,2.23,3.44,4.26,9.27,100.92
2102,16,+0.0625,116.42,147.67,90.27,8.62,2.23,3.44,4.26,9.27,100.91
2103,16,+0.0625,116.39,147.68,90.26,8.62,2.23,3.44,4.26,9.27,100.92
2104,16,+0.0625,116.37,147.67,90.27,8.62,2.23,3.44,4.27,9.27,100.91
2105,16,+0.1875,116.30,147.71,90.24,8.63,2.24,3.43,4.26,9.27,100.88
2106,16,-0.2500,116.20,147.76,90.20,8.64,2.24,3.44,4.25,9.28,100.92
2107,16,-0.1250,116.25,147.79,90.18,8.64,2.24,3.44,4.25,9.28,100.94
2108,16,-0.3125,116.12,147.85,90.13,8.65,2.25,3.44,4.24,9.27,100.99
2109,16,+0.1250,116.17,147.88,90.15,8.64,2.25,3.44,4.23,9.26,101.01
2110,16,-0.2500,116.27,147.93,90.11,8.63,2.26,3.43,4.24,9.27,101.05
2111,16,-0.3750,116.12,147.85,90.05,8.62,2.27,3.42,4.26,9.26,101.11
2112,16,+0.3750,115.98,147.93,90.11,8.63,2.26,3.42,4.28,9.27,101.18
2113,16,+0.1250,115.93,147.95,90.13,8.63,2.26,3.41,4.28,9.27,101.20
2114,16,+0.0625,115.90,147.94,90.14,8.62,2.26,3.42,4.28,9.26,101.19
2115,16,-0.1875,115.83,147.90,90.11,8.63,2.27,3.41,4.27,9.27,101.22
2116,16,-0.0625,115.85,147.92,90.10,8.64,2.26,3.41,4.27,9.27,101.23
2117,16,+0.2500,115.76,147.97,90.14,8.62,2.27,3.41,4.28,9.26,101.27
2118,16,+0.1875,115.83,148.01,90.11,8.62,2.27,3.40,4.28,9.26,101.24
2119,16,-0.1250,115.88,147.98,90.13,8.61,2.28,3.40,4.28,9.25,101.22
2120,16,+0.0625,115.90,147.97,90.12,8.61,2.28,3.41,4.28,9.25,101.23
2121,16,-0.1875,115.98,148.01,90.09,8.61,2.28,3.40,4.29,9.25,101.26
2122,16,+0.1250,116.03,148.03,90.07,8.60,2.28,3.40,4.29,9.25,101.28
2123,16,-0.1250,115.98,148.06,90.05,8.61,2.28,3.41,4.29,9.26,101.30
2124,16,+0.0625,115.95,148.04,90.04,8.61,2.28,3.41,4.29,9.26,101.31
2125,16,-0.1250,115.90,148.07,90.02,8.61,2.28,3.41,4.29,9.26,101.29
2126,16,+0.0625,115.88,148.06,90.03,8.62,2.28,3.41,4.30,9.26,101.28
2127,16,-0.0625,115.90,148.04,90.04,8.62,2.28,3.41,4.30,9.26,101.29
2128,16,+0.1250,115.85,148.02,90.06,8.61,2.28,3.41,4.29,9.26,101.27
2129,16,+0.0000,115.85,148.02,90.06,8.61,2.28,3.41,4.29,9.26,101.27
2130,16,-0.1875,115.93,147.98,90.09,8.61,2.28,3.41,4.30,9.26,101.24
2131,16,+0.3125,116.05,148.04,90.04,8.59,2.28,3.41,4.31,9.27,101.29
2132,16,-0.3750,115.90,148.12,90.10,8.58,2.29,3.41,4.33,9.28,101.35
2133,16,+0.0625,115.88,148.13,90.11,8.58,2.29,3.41,4.33,9.28,101.34
2134,16,-0.1250,115.83,148.11,90.09,8.57,2.29,3.40,4.33,9.29,101.36
2135,16,+0.2500,115.73,148.06,90.05,8.58,2.30,3.41,4.34,9.28,101.32
2136,16,-0.1250,115.78,148.08,90.03,8.59,2.30,3.41,4.34,9.28,101.30
2137,16,-0.0625,115.76,148.07,90.02,8.59,2.30,3.41,4.33,9.28,101.31
2138,16,-0.2500,115.66,148.02,89.98,8.60,2.31,3.42,4.32,9.27,101.35
2139,16,-0.2500,115.76,148.07,89.93,8.61,2.30,3.42,4.31,9.28,101.39
2140,16,-0.1250,115.71,148.04,89.91,8.60,2.30,3.42,4.31,9.28,101.41
2141,16,+0.3125,115.83,147.98,89.96,8.62,2.31,3.41,4.32,9.27,101.36
2142,16,+0.2500,115.73,147.93,89.92,8.61,2.30,3.41,4.31,9.28,101.32
2143,16,+0.1250,115.68,147.90,89.94,8.61,2.31,3.40,4.31,9.28,101.30
2144,16,+0.0625,115.71,147.92,89.93,8.61,2.31,3.40,4.31,9.27,101.29
2145,16,+0.0625,115.73,147.90,89.94,8.62,2.31,3.40,4.31,9.28,101.30
2146,16,-0.1875,115.80,147.87,89.91,8.61,2.31,3.40,4.31,9.28,101.27
2147,16,+0.0625,115.78,147.88,89.92,8.61,2.31,3.40,4.32,9.28,101.28
2148,16,-0.1250,115.73,147.90,89.90,8.62,2.32,3.40,4.31,9.29,101.30
2149,16,+0.0000,115.73,147.90,89.90,8.62,2.32,3.40,4.31,9.29,101.30
2150,16,-0.1250,115.68,147.88,89.88,8.62,2.31,3.39,4.31,9.28,101.28
2151,16,-0.1875,115.61,147.84,89.91,8.63,2.31,3.40,4.31,9.29,101.25
2152,16,+0.1875,115.68,147.80,89.94,8.62,2.31,3.40,4.32,9.28,101.28
2153,16,+0.0625,115.66,147.79,89.93,8.62,2.32,3.40,4.32,9.28,101.29
2154,16,-0.1875,115.59,147.75,89.96,8.63,2.31,3.40,4.33,9.27,101.32
2155,16,-0.1250,115.63,147.78,89.94,8.63,2.31,3.40,4.34,9.28,101.30
2156,16,+0.0000,115.63,147.78,89.94,8.63,2.31,3.40,4.34,9.28,101.30
2157,16,+0.1875,115.71,147.81,89.97,8.62,2.31,3.41,4.33,9.28,101.27
2158,16,+0.0625,115.73,147.83,89.99,8.63,2.30,3.41,4.33,9.29,101.28
2159,16,-0.1875,115.66,147.87,89.95,8.63,2.31,3.40,4.34,9.29,101.25
2160,16,-0.1250,115.61,147.84,89.93,8.63,2.31,3.40,4.33,9.30,101.27
2161,16,+0.2500,115.51,147.89,89.97,8.62,2.32,3.41,4.35,9.29,101.31
2162,16,-0.0625,115.49,147.88,89.96,8.62,2.31,3.40,4.35,9.29,101.30
2163,16,+0.0000,115.49,147.88,89.96,8.62,2.31,3.40,4.35,9.29,101.30
2164,16,+0.0625,115.51,147.87,89.95,8.62,2.31,3.40,4.35,9.29,101.29
2165,16,+0.0000,115.51,147.87,89.95,8.62,2.31,3.40,4.35,9.29,101.29
2166,16,+0.1875,115.44,147.83,89.92,8.63,2.32,3.41,4.34,9.29,101.26
2167,16,+0.1875,115.37,147.87,89.89,8.62,2.32,3.40,4.35,9.28,101.29
2168,16,+0.1875,115.30,147.83,89.92,8.61,2.33,3.41,4.34,9.29,101.32
2169,16,+0.3750,115.44,147.75,89.86,8.60,2.32,3.41,4.35,9.30,101.38
2170,16,-0.0625,115.42,147.74,89.87,8.59,2.32,3.41,4.36,9.30,101.39
2171,16,-0.2500,115.51,147.69,89.83,8.58,2.32,3.42,4.37,9.31,101.43
2172,16,-0.1250,115.56,147.66,89.85,8.58,2.32,3.42,4.36,9.30,101.41
2173,16,+0.0625,115.54,147.67,89.86,8.58,2.32,3.42,4.36,9.30,101.40
2174,16,+0.1875,115.47,147.64,89.83,8.59,2.33,3.42,4.37,9.29,101.37
2175,16,-0.4375,115.30,147.73,89.76,8.57,2.34,3.42,4.38,9.28,101.44
2176,16,+0.0625,115.27,147.71,89.75,8.57,2.34,3.43,4.39,9.28,101.43
2177,16,+0.3125,115.15,147.78,89.80,8.56,2.33,3.42,4.40,9.27,101.48
2178,16,+0.0625,115.13,147.79,89.81,8.56,2.33,3.42,4.40,9.27,101.49
2179,16,-0.1875,115.05,147.75,89.78,8.56,2.33,3.42,4.41,9.26,101.46
2180,16,-0.1250,115.10,147.78,89.76,8.55,2.33,3.42,4.41,9.27,101.48
2181,16,+0.0000,115.10,147.78,89.76,8.55,2.33,3.42,4.41,9.27,101.48
2182,16,+0.3125,115.22,147.84,89.81,8.56,2.32,3.43,4.43,9.25,101.53
2183,16,-0.0625,115.20,147.85,89.82,8.57,2.32,3.43,4.43,9.26,101.52
2184,16,+0.0625,115.18,147.84,89.81,8.57,2.32,3.43,4.43,9.25,101.53
2185,16,+0.1875,115.25,147.80,89.78,8.58,2.32,3.42,4.44,9.25,101.56
2186,16,-0.1250,115.30,147.78,89.80,8.57,2.31,3.43,4.44,9.24,101.54
2187,16,-0.0625,115.32,147.76,89.81,8.57,2.31,3.43,4.44,9.24,101.55
2188,16,+0.0625,115.34,147.78,89.80,8.57,2.31,3.43,4.44,9.24,101.54
2189,16,+0.0000,115.34,147.78,89.80,8.57,2.31,3.43,4.44,9.24,101.54
2190,16,+0.0625,115.37,147.76,89.79,8.57,2.32,3.43,4.44,9.24,101.53
2191,16,-0.0625,115.39,147.75,89.80,8.57,2.32,3.43,4.44,9.24,101.52
2192,16,+0.1875,115.46,147.71,89.77,8.57,2.32,3.44,4.45,9.25,101.49
2193,16,+0.0625,115.44,147.73,89.78,8.57,2.32,3.43,4.45,9.25,101.48
2194,16,-0.2500,115.34,147.78,89.74,8.58,2.33,3.43,4.46,9.26,101.52
2195,16,-0.0625,115.37,147.79,89.73,8.58,2.32,3.43,4.46,9.25,101.51
2196,16,-0.0625,115.39,147.78,89.74,8.59,2.32,3.43,4.46,9.25,101.52
2197,16,+0.3125,115.27,147.71,89.79,8.60,2.32,3.44,4.47,9.26,101.47
2198,16,-0.0625,115.30,147.73,89.80,8.60,2.32,3.44,4.47,9.26,101.48
2199,16,+0.0625,115.27,147.71,89.79,8.60,2.32,3.44,4.47,9.26,101.47
2200,16,+0.2500,115.37,147.66,89.83,8.61,2.31,3.43,4.46,9.27,101.51
2201,16,+0.0000,115.37,147.66,89.83,8.61,2.31,3.43,4.46,9.27,101.51
2202,16,+0.1250,115.32,147.64,89.81,8.61,2.31,3.43,4.47,9.28,101.53
2203,16,+0.1250,115.37,147.66,89.79,8.60,2.31,3.43,4.47,9.27,101.55
2204,16,-0.0625,115.39,147.67,89.78,8.61,2.30,3.43,4.47,9.27,101.54
2205,16,+0.0000,115.39,147.67,89.78,8.61,2.30,3.43,4.47,9.27,101.54
2206,16,-0.0625,115.37,147.66,89.79,8.60,2.31,3.43,4.48,9.27,101.55
2207,16,-0.1875,115.30,147.62,89.82,8.60,2.31,3.43,4.48,9.26,101.58
2208,16,-0.2500,115.39,147.67,89.86,8.61,2.30,3.44,4.49,9.27,101.62
2209,16,+0.1250,115.34,147.70,89.88,8.60,2.30,3.43,4.50,9.27,101.64
2210,16,+0.1875,115.27,147.74,89.91,8.61,2.31,3.43,4.51,9.26,101.67
2211,16,-0.1875,115.34,147.70,89.94,8.60,2.30,3.43,4.51,9.25,101.70
2212,16,+0.1875,115.27,147.66,89.97,8.61,2.30,3.43,4.52,9.26,101.67
2213,16,+0.3750,115.42,147.74,89.91,8.62,2.29,3.44,4.54,9.27,101.61
2214,16,+0.3125,115.54,147.80,89.86,8.64,2.28,3.43,4.53,9.29,101.56
2215,16,-0.1250,115.58,147.83,89.84,8.63,2.28,3.43,4.52,9.28,101.54
2216,16,-0.0625,115.56,147.84,89.83,8.63,2.28,3.43,4.52,9.28,101.55
2217,16,-0.1875,115.63,147.80,89.86,8.64,2.29,3.43,4.51,9.27,101.58
2218,16,-0.1250,115.68,147.78,89.84,8.64,2.29,3.43,4.51,9.27,101.56
2219,16,+0.0625,115.66,147.76,89.83,8.64,2.29,3.43,4.51,9.27,101.55
2220,16,-0.0625,115.63,147.78,89.82,8.64,2.29,3.43,4.51,9.27,101.56
2221,16,-0.0625,115.61,147.79,89.81,8.64,2.29,3.43,4.51,9.27,101.57
2222,16,-0.1875,115.68,147.75,89.84,8.65,2.28,3.43,4.52,9.28,101.60
2223,16,+0.0000,115.68,147.75,89.84,8.65,2.28,3.43,4.52,9.28,101.60
2224,16,+0.4375,115.51,147.66,89.91,8.63,2.27,3.43,4.50,9.26,101.67
2225,16,+0.1875,115.44,147.70,89.88,8.64,2.28,3.42,4.49,9.27,101.64
2226,16,+0.0625,115.42,147.69,89.89,8.64,2.28,3.42,4.49,9.27,101.65
2227,16,-0.0625,115.39,147.68,89.88,8.64,2.28,3.42,4.49,9.27,101.64
2228,16,+0.1875,115.46,147.71,89.91,8.63,2.28,3.43,4.48,9.26,101.67
2229,16,-0.1250,115.42,147.74,89.93,8.63,2.28,3.43,4.49,9.27,101.69
2230,16,-0.2500,115.51,147.69,89.97,8.62,2.29,3.43,4.48,9.26,101.65
2231,16,+0.0000,115.51,147.69,89.97,8.62,2.29,3.43,4.48,9.26,101.65
2232,16,+0.1250,115.46,147.71,89.99,8.62,2.29,3.43,4.48,9.26,101.67
2233,16,+0.0000,115.46,147.71,89.99,8.62,2.29,3.43,4.48,9.26,101.67
2234,16,-0.0625,115.49,147.73,89.98,8.63,2.29,3.43,4.48,9.26,101.66
2235,16,+0.3750,115.63,147.80,89.92,8.61,2.30,3.42,4.47,9.25,101.72
2236,16,+0.0625,115.61,147.79,89.93,8.61,2.30,3.43,4.47,9.24,101.71
2237,16,-0.2500,115.70,147.84,89.89,8.62,2.29,3.43,4.46,9.23,101.67
2238,16,+0.0625,115.68,147.83,89.88,8.62,2.29,3.43,4.46,9.24,101.68
2239,16,-0.0625,115.65,147.84,89.89,8.62,2.29,3.43,4.46,9.23,101.67
2240,16,+0.0625,115.68,147.85,89.90,8.62,2.29,3.43,4.45,9.23,101.66
2241,16,-0.1250,115.63,147.83,89.88,8.63,2.29,3.43,4.45,9.23,101.68
2242,16,+0.0000,115.63,147.83,89.88,8.63,2.29,3.43,4.45,9.23,101.68
2243,16,+0.0000,115.63,147.83,89.88,8.63,2.29,3.43,4.45,9.23,101.68
2244,16,-0.0625,115.65,147.84,89.87,8.63,2.29,3.43,4.45,9.23,101.67
2245,16,-0.0625,115.68,147.83,89.88,8.63,2.29,3.43,4.45,9.23,101.66
2246,16,-0.2500,115.77,147.78,89.84,8.62,2.30,3.44,4.46,9.24,101.70
2247,16,+0.1250,115.73,147.75,89.86,8.63,2.30,3.43,4.46,9.24,101.68
2248,16,+0.0625,115.75,147.74,89.85,8.63,2.30,3.44,4.46,9.24,101.67
2249,16,+0.0625,115.77,147.73,89.86,8.63,2.30,3.43,4.46,9.24,101.66
2250,16,+0.0000,115.77,147.73,89.86,8.63,2.30,3.43,4.46,9.24,101.66
2251,16,+0.0625,115.75,147.71,89.87,8.63,2.30,3.44,4.46,9.24,101.67
2252,16,+0.5000,115.56,147.81,89.79,8.65,2.31,3.43,4.48,9.22,101.75
2253,16,-0.1875,115.49,147.78,89.76,8.66,2.31,3.43,4.49,9.21,101.72
2254,16,+0.0625,115.46,147.76,89.75,8.65,2.31,3.43,4.49,9.21,101.71
2255,16,-0.1875,115.54,147.80,89.72,8.65,2.31,3.43,4.48,9.22,101.68
2256,16,+0.0625,115.51,147.81,89.71,8.64,2.31,3.43,4.48,9.21,101.67
2257,16,-0.0625,115.54,147.83,89.72,8.65,2.31,3.43,4.48,9.21,101.68
2258,16,-0.2500,115.63,147.78,89.68,8.64,2.31,3.42,4.49,9.20,101.64
2259,16,+0.0000,115.63,147.78,89.68,8.64,2.31,3.42,4.49,9.20,101.64
2260,16,+0.0000,115.63,147.78,89.68,8.64,2.31,3.42,4.49,9.20,101.64
2261,16,-0.0625,115.61,147.79,89.69,8.63,2.32,3.43,4.49,9.20,101.63
2262,16,+0.0000,115.61,147.79,89.69,8.63,2.32,3.43,4.49,9.20,101.63
2263,16,-0.1250,115.65,147.76,89.67,8.64,2.32,3.43,4.50,9.20,101.61
2264,16,+0.0625,115.63,147.75,89.66,8.64,2.32,3.43,4.49,9.20,101.60
2265,16,+0.0000,115.63,147.75,89.66,8.64,2.32,3.43,4.49,9.20,101.60
2266,16,+0.0625,115.61,147.76,89.65,8.64,2.32,3.43,4.49,9.20,101.61
2267,16,+0.1250,115.56,147.79,89.63,8.63,2.31,3.43,4.49,9.19,101.63
2268,16,-0.3125,115.68,147.73,89.58,8.62,2.31,3.42,4.47,9.18,101.58
2269,16,+0.1250,115.73,147.75,89.56,8.62,2.31,3.42,4.48,9.19,101.60
2270,16,+0.1250,115.77,147.78,89.54,8.62,2.31,3.42,4.48,9.18,101.62
2271,16,-0.1250,115.73,147.75,89.52,8.63,2.31,3.42,4.48,9.18,101.64
2272,16,-0.0625,115.70,147.76,89.51,8.63,2.31,3.42,4.48,9.18,101.63
2273,16,+0.0000,115.70,147.76,89.51,8.63,2.31,3.42,4.48,9.18,101.63
2274,16,+0.0625,115.68,147.78,89.50,8.63,2.31,3.42,4.48,9.18,101.64
2275,16,-0.0625,115.65,147.76,89.49,8.63,2.31,3.42,4.48,9.18,101.65
2276,16,+0.1875,115.73,147.73,89.46,8.64,2.31,3.41,4.48,9.18,101.68
2277,16,+0.1250,115.77,147.70,89.48,8.63,2.31,3.41,4.48,9.17,101.66
2278,16,-0.1250,115.82,147.73,89.50,8.64,2.31,3.41,4.48,9.17,101.64
2279,16,+0.1250,115.87,147.75,89.52,8.63,2.31,3.41,4.48,9.17,101.66
2280,16,+0.1250,115.91,147.73,89.50,8.63,2.32,3.41,4.48,9.18,101.64
2281,16,+0.1250,115.96,147.70,89.52,8.62,2.31,3.41,4.48,9.17,101.66
2282,16,+0.0625,115.94,147.69,89.53,8.62,2.32,3.41,4.48,9.17,101.67
2283,16,-0.1250,115.99,147.66,89.51,8.62,2.31,3.41,4.48,9.18,101.65
2284,16,-0.1875,115.91,147.63,89.48,8.62,2.32,3.42,4.49,9.19,101.68
2285,16,+0.0625,115.94,147.61,89.49,8.62,2.32,3.42,4.49,9.19,101.69
2286,16,-0.1875,115.87,147.65,89.46,8.61,2.31,3.41,4.50,9.18,101.72
2287,16,+0.1875,115.80,147.61,89.49,8.62,2.31,3.42,4.51,9.19,101.75
2288,16,+0.1250,115.84,147.59,89.47,8.62,2.31,3.42,4.50,9.19,101.77
2289,16,-0.2500,115.75,147.64,89.43,8.61,2.32,3.42,4.49,9.18,101.81
2290,16,-0.1250,115.80,147.66,89.45,8.62,2.32,3.42,4.50,9.19,101.79
2291,16,-0.1250,115.84,147.69,89.43,8.62,2.32,3.42,4.49,9.19,101.77
2292,16,+0.1875,115.91,147.65,89.40,8.63,2.32,3.43,4.48,9.19,101.80
2293,16,+0.1875,115.98,147.69,89.37,8.64,2.32,3.43,4.49,9.19,101.77
2294,16,+0.0000,115.98,147.69,89.37,8.64,2.32,3.43,4.49,9.19,101.77
2295,16,+0.1875,116.06,147.73,89.34,8.63,2.31,3.43,4.48,9.19,101.80
2296,16,+0.0625,116.08,147.71,89.33,8.63,2.31,3.43,4.49,9.19,101.81
2297,16,+0.0625,116.10,147.70,89.32,8.63,2.31,3.43,4.49,9.19,101.80
2298,16,+0.1875,116.17,147.74,89.30,8.63,2.31,3.43,4.50,9.20,101.77
2299,16,+0.0625,116.15,147.75,89.29,8.63,2.31,3.43,4.49,9.20,101.78
2300,16,-0.0625,116.13,147.74,89.28,8.63,2.31,3.43,4.50,9.20,101.79
2301,16,+0.2500,116.22,147.69,89.31,8.62,2.31,3.43,4.49,9.19,101.83
2302,16,-0.2500,116.31,147.74,89.28,8.61,2.30,3.44,4.50,9.18,101.79
2303,16,-0.0625,116.34,147.75,89.27,8.61,2.30,3.44,4.50,9.18,101.80
2304,16,-0.2500,116.24,147.70,89.23,8.62,2.30,3.44,4.49,9.19,101.76
2305,16,+0.1250,116.20,147.73,89.25,8.63,2.30,3.44,4.48,9.20,101.78
2306,16,-0.0625,116.17,147.74,89.26,8.62,2.30,3.44,4.48,9.20,101.79
2307,16,-0.1875,116.10,147.70,89.23,8.62,2.30,3.44,4.47,9.21,101.76
2308,16,+0.0625,116.13,147.69,89.22,8.62,2.30,3.44,4.47,9.21,101.75
2309,16,+0.0000,116.13,147.69,89.22,8.62,2.30,3.44,4.47,9.21,101.75
2310,16,+0.1250,116.17,147.71,89.24,8.61,2.29,3.44,4.48,9.20,101.77
2311,16,+0.0000,116.17,147.71,89.24,8.61,2.29,3.44,4.48,9.20,101.77
2312,16,-0.1250,116.13,147.74,89.22,8.62,2.29,3.43,4.48,9.20,101.75
2313,16,-0.1250,116.08,147.71,89.24,8.61,2.29,3.44,4.49,9.19,101.77
2314,16,+0.1875,116.01,147.68,89.27,8.62,2.29,3.43,4.48,9.19,101.74
2315,16,+0.2500,116.10,147.63,89.23,8.63,2.30,3.43,4.49,9.18,101.70
2316,16,+0.0000,116.10,147.63,89.23,8.63,2.30,3.43,4.49,9.18,101.70
2317,16,-0.3125,115.99,147.69,89.28,8.62,2.29,3.42,4.48,9.19,101.65
2318,16,-0.4375,116.15,147.60,89.34,8.64,2.28,3.43,4.49,9.21,101.59
2319,16,+0.1875,116.08,147.57,89.31,8.64,2.29,3.43,4.49,9.21,101.56
2320,16,+0.0000,116.08,147.57,89.31,8.64,2.29,3.43,4.49,9.21,101.56
2321,16,+0.1875,116.15,147.60,89.29,8.65,2.29,3.44,4.49,9.21,101.53
2322,16,+0.3750,116.01,147.68,89.34,8.67,2.28,3.43,4.48,9.19,101.59
2323,16,+0.1250,116.06,147.65,89.32,8.67,2.29,3.43,4.47,9.20,101.57
2324,16,-0.0625,116.03,147.64,89.33,8.67,2.28,3.43,4.47,9.19,101.58
2325,16,-0.1250,115.99,147.61,89.35,8.66,2.28,3.43,4.48,9.19,101.60
2326,16,+0.0000,115.99,147.61,89.35,8.66,2.28,3.43,4.48,9.19,101.60
2327,16,+0.0000,115.99,147.61,89.35,8.66,2.28,3.43,4.48,9.19,101.60
2328,16,+0.0625,115.96,147.63,89.36,8.66,2.28,3.43,4.48,9.19,101.61
2329,16,+0.1875,115.89,147.66,89.33,8.65,2.29,3.43,4.47,9.19,101.58
2330,16,+0.0000,115.89,147.66,89.33,8.65,2.29,3.43,4.47,9.19,101.58
2331,16,+0.1875,115.96,147.70,89.30,8.65,2.29,3.42,4.48,9.20,101.55
2332,16,-0.2500,116.06,147.65,89.27,8.66,2.29,3.42,4.49,9.21,101.51
2333,16,-0.1250,116.10,147.63,89.29,8.65,2.28,3.41,4.49,9.21,101.53
2334,16,+0.0625,116.13,147.64,89.30,8.65,2.28,3.41,4.50,9.20,101.52
2335,16,-0.0625,116.10,147.65,89.29,8.65,2.28,3.41,4.50,9.20,101.51
2336,16,-0.0625,116.08,147.64,89.28,8.65,2.28,3.42,4.50,9.20,101.50
2337,16,-0.1250,116.03,147.61,89.26,8.65,2.28,3.41,4.50,9.19,101.52
2338,16,+0.1875,116.10,147.65,89.23,8.65,2.28,3.41,4.49,9.19,101.49
2339,16,+0.0625,116.08,147.66,89.22,8.64,2.28,3.41,4.49,9.19,101.50
2340,16,-0.3125,116.20,147.60,89.27,8.66,2.28,3.42,4.48,9.18,101.45
2341,16,-0.1250,116.15,147.58,89.29,8.66,2.28,3.42,4.48,9.17,101.47
2342,16,+0.1250,116.10,147.55,89.30,8.66,2.28,3.42,4.49,9.18,101.45
2343,16,-0.2500,116.20,147.60,89.34,8.65,2.29,3.41,4.50,9.17,101.49
2344,16,+0.0625,116.22,147.61,89.35,8.64,2.29,3.41,4.50,9.16,101.50
2345,16,-0.1875,116.15,147.65,89.38,8.64,2.29,3.41,4.49,9.16,101.47
2346,16,+0.1250,116.20,147.68,89.36,8.64,2.29,3.41,4.48,9.15,101.45
2347,16,-0.0625,116.22,147.66,89.37,8.64,2.29,3.41,4.49,9.15,101.44
2348,16,+0.0625,116.20,147.65,89.36,8.64,2.29,3.41,4.48,9.15,101.45
2349,16,-0.3125,116.08,147.71,89.31,8.65,2.29,3.41,4.50,9.14,101.50
2350,16,+0.0625,116.06,147.72,89.30,8.66,2.29,3.41,4.49,9.14,101.51
2351,16,-0.0625,116.03,147.74,89.30,8.66,2.29,3.41,4.50,9.14,101.52
2352,16,+0.0000,116.03,147.74,89.30,8.66,2.29,3.41,4.50,9.14,101.52
2353,16,+0.1250,115.99,147.71,89.28,8.65,2.29,3.41,4.50,9.15,101.54
2354,16,+0.0625,116.01,147.70,89.29,8.65,2.29,3.41,4.50,9.15,101.55
2355,16,+0.0000,116.01,147.70,89.29,8.65,2.29,3.41,4.50,9.15,101.55
2356,16,-0.0625,115.99,147.69,89.30,8.65,2.29,3.42,4.50,9.15,101.54
2357,16,+0.2500,116.08,147.64,89.26,8.66,2.29,3.42,4.51,9.14,101.58
2358,16,-0.2500,115.99,147.59,89.30,8.65,2.28,3.42,4.52,9.13,101.54
2359,16,+0.0625,115.96,147.58,89.29,8.65,2.28,3.41,4.52,9.12,101.53
2360,16,-0.0625,115.94,147.59,89.28,8.65,2.28,3.42,4.52,9.13,101.52
2361,16,+0.1875,116.01,147.55,89.30,8.64,2.28,3.42,4.51,9.13,101.49
2362,16,+0.1875,116.08,147.52,89.28,8.63,2.28,3.42,4.51,9.13,101.52
2363,16,+0.1875,116.01,147.48,89.30,8.63,2.28,3.42,4.50,9.12,101.49
2364,16,+0.1250,116.06,147.51,89.32,8.63,2.28,3.42,4.50,9.11,101.51
2365,16,-0.0625,116.08,147.52,89.31,8.63,2.28,3.42,4.50,9.11,101.52
2366,16,+0.1250,116.13,147.54,89.30,8.63,2.28,3.41,4.50,9.12,101.50
2367,16,-0.1250,116.08,147.52,89.31,8.64,2.27,3.41,4.50,9.11,101.48
2368,16,+0.2500,116.17,147.57,89.35,8.65,2.28,3.41,4.51,9.10,101.44
2369,16,+0.0625,116.20,147.55,89.34,8.65,2.28,3.41,4.51,9.10,101.43
2370,16,-0.0625,116.17,147.57,89.35,8.65,2.28,3.40,4.52,9.11,101.44
2371,16,+0.0625,116.15,147.55,89.36,8.65,2.28,3.40,4.52,9.11,101.45
2372,16,-0.1250,116.10,147.53,89.38,8.66,2.28,3.40,4.51,9.11,101.43
2373,16,-0.1875,116.03,147.57,89.35,8.66,2.29,3.40,4.51,9.11,101.40
2374,16,+0.4375,116.19,147.65,89.29,8.68,2.29,3.41,4.49,9.12,101.33
2375,16,+0.0000,116.19,147.65,89.29,8.68,2.29,3.41,4.49,9.12,101.33
2376,16,+0.0000,116.19,147.65,89.29,8.68,2.29,3.41,4.49,9.12,101.33
2377,16,-0.4375,116.03,147.57,89.22,8.70,2.30,3.41,4.47,9.14,101.40
2378,16,-0.1250,116.08,147.54,89.20,8.70,2.30,3.41,4.48,9.14,101.38
2379,16,+0.0625,116.06,147.53,89.21,8.70,2.30,3.41,4.48,9.13,101.37
2380,16,-0.0625,116.03,147.54,89.22,8.70,2.30,3.41,4.48,9.14,101.36
2381,16,+0.1250,115.99,147.52,89.24,8.71,2.30,3.41,4.48,9.13,101.34
2382,16,-0.2500,115.89,147.47,89.28,8.70,2.29,3.40,4.47,9.14,101.38
2383,16,-0.0625,115.87,147.48,89.29,8.70,2.29,3.41,4.47,9.14,101.37
2384,16,-0.3125,115.76,147.54,89.33,8.71,2.29,3.40,4.46,9.15,101.42
2385,16,+0.1875,115.83,147.51,89.36,8.71,2.29,3.40,4.47,9.16,101.45
2386,16,-0.0625,115.80,147.49,89.37,8.72,2.29,3.39,4.47,9.15,101.44
2387,16,-0.1250,115.85,147.52,89.39,8.72,2.30,3.40,4.47,9.16,101.46
2388,16,+0.2500,115.76,147.57,89.43,8.73,2.30,3.40,4.48,9.17,101.42
2389,16,+0.1250,115.71,147.54,89.45,8.73,2.30,3.40,4.49,9.16,101.40
2390,16,-0.0625,115.69,147.53,89.46,8.73,2.30,3.40,4.49,9.17,101.41
2391,16,+0.1250,115.64,147.51,89.48,8.73,2.31,3.41,4.49,9.17,101.39
2392,16,-0.1875,115.57,147.47,89.45,8.73,2.30,3.40,4.50,9.16,101.36
2393,16,+0.0000,115.57,147.47,89.45,8.73,2.30,3.40,4.50,9.16,101.36
2394,16,+0.0000,115.57,147.47,89.45,8.73,2.30,3.40,4.50,9.16,101.36
2395,16,+0.0000,115.57,147.47,89.45,8.73,2.30,3.40,4.50,9.16,101.36
2396,16,+0.1250,115.53,147.44,89.47,8.72,2.30,3.40,4.51,9.16,101.34
2397,16,-0.1875,115.59,147.41,89.50,8.71,2.30,3.41,4.51,9.15,101.37
2398,16,-0.1875,115.53,147.44,89.53,8.71,2.30,3.41,4.52,9.14,101.34
2399,16,+0.0625,115.55,147.46,89.52,8.71,2.30,3.41,4.52,9.15,101.35
2400,16,-0.1875,115.62,147.49,89.49,8.72,2.31,3.41,4.53,9.15,101.32
2401,16,-0.0625,115.64,147.51,89.50,8.71,2.30,3.41,4.53,9.15,101.33
2402,16,+0.1875,115.57,147.54,89.53,8.72,2.31,3.41,4.54,9.16,101.36
2403,16,+0.0625,115.55,147.55,89.52,8.72,2.31,3.41,4.53,9.16,101.35
2404,16,-0.1875,115.48,147.59,89.55,8.73,2.31,3.41,4.53,9.15,101.32
2405,16,-0.0625,115.50,147.58,89.54,8.72,2.31,3.41,4.52,9.15,101.33
2406,16,-0.3125,115.39,147.52,89.49,8.71,2.32,3.40,4.51,9.14,101.38
2407,16,+0.0625,115.41,147.53,89.50,8.71,2.32,3.40,4.51,9.14,101.37
2408,16,+0.0625,115.43,147.52,89.51,8.72,2.32,3.40,4.51,9.14,101.38
2409,16,-0.0625,115.41,147.51,89.50,8.71,2.32,3.40,4.51,9.13,101.37
2410,16,+0.1875,115.34,147.47,89.53,8.72,2.32,3.40,4.52,9.13,101.34
2411,16,+0.3125,115.23,147.41,89.48,8.71,2.33,3.40,4.53,9.11,101.39
2412,16,-0.0625,115.20,147.40,89.49,8.71,2.33,3.40,4.53,9.12,101.40
2413,16,+0.3125,115.32,147.34,89.54,8.70,2.32,3.40,4.52,9.13,101.35
2414,16,-0.0625,115.34,147.32,89.55,8.70,2.32,3.40,4.52,9.13,101.34
2415,16,-0.1250,115.39,147.35,89.57,8.69,2.33,3.40,4.52,9.12,101.32
2416,16,+0.1250,115.43,147.37,89.55,8.70,2.32,3.40,4.52,9.13,101.30
2417,16,+0.3750,115.30,147.44,89.61,8.68,2.33,3.39,4.54,9.14,101.36
2418,16,+0.3125,115.18,147.51,89.65,8.70,2.34,3.40,4.55,9.13,101.31
2419,16,+0.0000,115.18,147.51,89.65,8.70,2.34,3.40,4.55,9.13,101.31
2420,16,+0.0000,115.18,147.51,89.65,8.70,2.34,3.40,4.55,9.13,101.31
2421,16,+0.1250,115.14,147.48,89.63,8.69,2.34,3.40,4.54,9.12,101.29
2422,16,-0.0625,115.11,147.49,89.62,8.69,2.34,3.40,4.54,9.12,101.30
2423,16,-0.1250,115.16,147.52,89.64,8.68,2.34,3.39,4.54,9.13,101.32
2424,16,-0.2500,115.07,147.57,89.61,8.69,2.34,3.39,4.55,9.12,101.28
2425,16,+0.1875,115.14,147.60,89.58,8.69,2.35,3.39,4.55,9.12,101.31
2426,16,+0.0000,115.14,147.60,89.58,8.69,2.35,3.39,4.55,9.12,101.31
2427,16,+0.3750,115.27,147.53,89.52,8.67,2.34,3.40,4.54,9.11,101.37
2428,16,-0.0625,115.25,147.54,89.53,8.67,2.34,3.40,4.54,9.11,101.36
2429,16,+0.0625,115.27,147.53,89.54,8.68,2.34,3.40,4.54,9.10,101.37
2430,16,+0.1875,115.20,147.49,89.51,8.68,2.34,3.40,4.53,9.11,101.34
2431,16,+0.0625,115.23,147.51,89.52,8.69,2.34,3.40,4.53,9.11,101.33
2432,16,+0.0000,115.23,147.51,89.52,8.69,2.34,3.40,4.53,9.11,101.33
2433,16,-0.0625,115.20,147.49,89.53,8.68,2.34,3.40,4.53,9.11,101.32
2434,16,-0.1875,115.14,147.46,89.50,8.69,2.34,3.40,4.52,9.10,101.29
2435,16,-0.1250,115.18,147.43,89.48,8.69,2.33,3.40,4.52,9.09,101.31
2436,16,+0.0625,115.16,147.45,89.49,8.69,2.33,3.40,4.52,9.09,101.32
2437,16,+0.2500,115.25,147.49,89.53,8.70,2.34,3.41,4.51,9.10,101.36
2438,16,+0.0000,115.25,147.49,89.53,8.70,2.34,3.41,4.51,9.10,101.36
2439,16,+0.1250,115.20,147.47,89.51,8.70,2.34,3.41,4.52,9.10,101.38
2440,16,+0.0000,115.20,147.47,89.51,8.70,2.34,3.41,4.52,9.10,101.38
2441,16,+0.0625,115.23,147.48,89.52,8.70,2.34,3.41,4.52,9.09,101.37
2442,16,+0.1250,115.27,147.46,89.54,8.70,2.34,3.41,4.52,9.09,101.35
2443,16,-0.1250,115.23,147.48,89.52,8.70,2.34,3.41,4.52,9.08,101.33
2444,16,+0.0000,115.23,147.48,89.52,8.70,2.34,3.41,4.52,9.08,101.33
2445,16,+0.0000,115.23,147.48,89.52,8.70,2.34,3.41,4.52,9.08,101.33
2446,16,-0.2500,115.14,147.43,89.56,8.71,2.33,3.41,4.53,9.08,101.37
2447,16,+0.0625,115.16,147.45,89.57,8.71,2.33,3.41,4.53,9.07,101.38
2448,16,-0.0625,115.14,147.46,89.58,8.71,2.33,3.41,4.52,9.07,101.39
2449,16,+0.0000,115.14,147.46,89.58,8.71,2.33,3.41,4.52,9.07,101.39
2450,16,+0.1875,115.20,147.42,89.55,8.71,2.33,3.41,4.52,9.06,101.36
2451,16,-0.1875,115.27,147.39,89.52,8.71,2.34,3.40,4.52,9.07,101.33
2452,16,-0.0625,115.30,147.40,89.51,8.72,2.34,3.40,4.52,9.07,101.32
2453,16,+0.2500,115.39,147.35,89.55,8.71,2.33,3.41,4.53,9.08,101.28
2454,16,+0.0000,115.39,147.35,89.55,8.71,2.33,3.41,4.53,9.08,101.28
2455,16,-0.0625,115.36,147.36,89.56,8.71,2.34,3.41,4.53,9.08,101.27
2456,16,-0.1250,115.41,147.34,89.54,8.70,2.33,3.41,4.52,9.08,101.26
2457,16,+0.0000,115.41,147.34,89.54,8.70,2.33,3.41,4.52,9.08,101.26
2458,16,-0.2500,115.50,147.39,89.50,8.71,2.33,3.41,4.51,9.08,101.29
2459,16,-0.1875,115.43,147.42,89.53,8.71,2.33,3.42,4.52,9.07,101.27
2460,16,+0.1250,115.39,147.45,89.51,8.70,2.33,3.42,4.52,9.06,101.28
2461,16,+0.0625,115.36,147.46,89.50,8.70,2.33,3.41,4.51,9.06,101.27
2462,16,+0.0625,115.34,147.45,89.51,8.70,2.33,3.42,4.52,9.06,101.27
2463,16,-0.0625,115.36,147.43,89.52,8.70,2.34,3.41,4.52,9.06,101.27
2464,16,+0.0000,115.36,147.43,89.52,8.70,2.34,3.41,4.52,9.06,101.27
2465,16,+0.0625,115.39,147.42,89.51,8.71,2.33,3.42,4.52,9.06,101.28
2466,16,+0.1250,115.43,147.45,89.53,8.70,2.33,3.42,4.52,9.06,101.27
2467,16,+0.1875,115.36,147.41,89.50,8.71,2.34,3.41,4.53,9.07,101.24
2468,16,-0.2500,115.27,147.36,89.46,8.72,2.34,3.42,4.52,9.08,101.27
2469,16,+0.1250,115.32,147.34,89.44,8.72,2.34,3.42,4.52,9.08,101.29
2470,16,+0.0000,115.32,147.34,89.44,8.72,2.34,3.42,4.52,9.08,101.29
2471,16,-0.2500,115.23,147.39,89.40,8.73,2.35,3.41,4.51,9.09,101.26
2472,16,-0.1875,115.16,147.42,89.43,8.73,2.35,3.42,4.52,9.10,101.23
2473,16,-0.0625,115.14,147.43,89.42,8.73,2.35,3.41,4.52,9.10,101.24
2474,16,-0.0625,115.11,147.42,89.41,8.73,2.35,3.42,4.52,9.11,101.25
2475,16,+0.0000,115.11,147.42,89.41,8.73,2.35,3.42,4.52,9.11,101.25
2476,16,+0.0625,115.09,147.41,89.42,8.73,2.35,3.41,4.51,9.11,101.24
2477,16,+0.1875,115.02,147.44,89.45,8.74,2.36,3.42,4.51,9.10,101.21
2478,16,+0.0000,115.02,147.44,89.45,8.74,2.36,3.42,4.51,9.10,101.21
2479,16,-0.3125,114.91,147.50,89.50,8.75,2.36,3.41,4.50,9.11,101.16
2480,16,+0.3125,114.80,147.44,89.55,8.74,2.36,3.42,4.48,9.13,101.21
2481,16,+0.0000,114.80,147.44,89.55,8.74,2.36,3.42,4.48,9.13,101.21
2482,16,+0.0625,114.77,147.46,89.54,8.74,2.36,3.42,4.48,9.13,101.22
2483,16,+0.0625,114.75,147.47,89.53,8.74,2.36,3.42,4.48,9.13,101.21
2484,16,-0.1250,114.80,147.44,89.55,8.75,2.36,3.41,4.47,9.13,101.23
2485,16,+0.1250,114.75,147.42,89.57,8.75,2.36,3.41,4.48,9.13,101.21
2486,16,+0.0625,114.73,147.43,89.56,8.75,2.36,3.41,4.48,9.13,101.20
2487,16,-0.1250,114.68,147.41,89.58,8.75,2.36,3.41,4.47,9.13,101.18
2488,16,-0.1875,114.62,147.44,89.55,8.76,2.35,3.41,4.46,9.14,101.15
2489,16,-0.1875,114.68,147.48,89.58,8.75,2.35,3.41,4.47,9.15,101.12
2490,16,+0.0625,114.71,147.47,89.57,8.75,2.35,3.41,4.47,9.14,101.11
2491,16,-0.1250,114.75,147.49,89.55,8.75,2.35,3.40,4.46,9.15,101.09
2492,16,+0.1875,114.82,147.46,89.52,8.74,2.35,3.41,4.47,9.14,101.07
2493,16,+0.0000,114.82,147.46,89.52,8.74,2.35,3.41,4.47,9.14,101.07
2494,16,+0.1250,114.77,147.43,89.50,8.74,2.35,3.41,4.48,9.15,101.08
2495,16,+0.0000,114.77,147.43,89.50,8.74,2.35,3.41,4.48,9.15,101.08
2496,16,+0.0625,114.75,147.44,89.51,8.74,2.35,3.41,4.48,9.14,101.07
2497,16,-0.2500,114.66,147.49,89.47,8.73,2.35,3.41,4.47,9.15,101.11
2498,16,-0.0625,114.68,147.50,89.46,8.73,2.36,3.41,4.47,9.15,101.10
2499,16,+0.1250,114.73,147.48,89.44,8.73,2.36,3.41,4.47,9.16,101.08
2500,16,-0.1250,114.77,147.50,89.42,8.72,2.36,3.41,4.47,9.15,101.10
2501,16,-0.0625,114.80,147.49,89.43,8.73,2.36,3.41,4.47,9.15,101.11
2502,16,+0.0625,114.77,147.48,89.44,8.73,2.36,3.41,4.47,9.16,101.12
2503,16,+0.2500,114.86,147.53,89.40,8.72,2.36,3.42,4.46,9.17,101.08
2504,16,+0.0000,114.86,147.53,89.40,8.72,2.36,3.42,4.46,9.17,101.08
2505,16,+0.0625,114.89,147.54,89.40,8.72,2.35,3.42,4.46,9.16,101.09
2506,16,+0.0625,114.91,147.55,89.39,8.72,2.35,3.42,4.46,9.17,101.10
2507,16,+0.1250,114.86,147.58,89.40,8.72,2.36,3.42,4.47,9.16,101.12
2508,16,+0.1250,114.82,147.55,89.39,8.73,2.35,3.42,4.46,9.16,101.10
2509,16,-0.1250,114.77,147.58,89.40,8.73,2.36,3.42,4.47,9.16,101.12
2510,16,+0.1250,114.82,147.60,89.39,8.73,2.35,3.42,4.47,9.17,101.10
2511,16,-0.1250,114.77,147.62,89.40,8.73,2.36,3.42,4.47,9.17,101.12
2512,16,+0.3750,114.64,147.69,89.46,8.75,2.35,3.42,4.45,9.18,101.18
2513,16,+0.0625,114.66,147.68,89.47,8.75,2.35,3.42,4.45,9.18,101.17
2514,16,-0.0625,114.69,147.69,89.46,8.75,2.35,3.42,4.45,9.18,101.18
2515,16,+0.0625,114.66,147.68,89.47,8.75,2.35,3.42,4.45,9.19,101.17
2516,16,-0.1250,114.62,147.66,89.45,8.75,2.35,3.42,4.45,9.19,101.19
2517,16,+0.0000,114.62,147.66,89.45,8.75,2.35,3.42,4.45,9.19,101.19
2518,16,-0.1875,114.55,147.69,89.42,8.75,2.35,3.42,4.45,9.18,101.22
2519,16,+0.0625,114.53,147.71,89.43,8.75,2.35,3.42,4.45,9.19,101.23
2520,16,+0.0625,114.55,147.69,89.42,8.75,2.35,3.42,4.45,9.18,101.24
2521,16,+0.1250,114.60,147.67,89.40,8.76,2.34,3.42,4.46,9.18,101.25
2522,16,-0.1250,114.55,147.69,89.39,8.76,2.35,3.42,4.45,9.18,101.24
2523,16,+0.1250,114.51,147.72,89.40,8.76,2.35,3.42,4.45,9.17,101.25
2524,16,+0.0000,114.51,147.72,89.40,8.76,2.35,3.42,4.45,9.17,101.25
2525,16,-0.2500,114.42,147.76,89.37,8.77,2.35,3.42,4.46,9.16,101.29
2526,16,+0.1875,114.35,147.80,89.40,8.76,2.35,3.42,4.46,9.15,101.32
2527,16,-0.1250,114.39,147.78,89.38,8.76,2.35,3.42,4.46,9.15,101.30
2528,16,+0.3125,114.51,147.84,89.33,8.78,2.35,3.43,4.45,9.16,101.35
2529,16,+0.0000,114.51,147.84,89.33,8.78,2.35,3.43,4.45,9.16,101.35
2530,16,+0.1250,114.46,147.86,89.35,8.78,2.35,3.43,4.45,9.16,101.37
2531,16,-0.0625,114.44,147.87,89.34,8.78,2.35,3.43,4.45,9.15,101.36
2532,16,+0.0000,114.44,147.87,89.34,8.78,2.35,3.43,4.45,9.15,101.36
2533,16,-0.0625,114.46,147.86,89.35,8.79,2.35,3.43,4.46,9.16,101.35
2534,16,-0.1250,114.42,147.84,89.37,8.79,2.35,3.43,4.46,9.16,101.37
2535,16,-0.1250,114.46,147.86,89.35,8.79,2.35,3.43,4.46,9.17,101.39
2536,16,+0.0625,114.48,147.87,89.36,8.78,2.35,3.43,4.45,9.17,101.38
2537,16,+0.1875,114.42,147.84,89.33,8.79,2.35,3.42,4.45,9.16,101.41
2538,16,-0.1875,114.35,147.80,89.30,8.78,2.35,3.43,4.45,9.17,101.38
2539,16,-0.2500,114.26,147.85,89.34,8.77,2.35,3.43,4.45,9.16,101.34
2540,16,-0.0625,114.28,147.84,89.35,8.78,2.35,3.43,4.45,9.16,101.35
2541,16,+0.0000,114.28,147.84,89.35,8.78,2.35,3.43,4.45,9.16,101.35
2542,16,+0.0000,114.28,147.84,89.35,8.78,2.35,3.43,4.45,9.16,101.35
2543,16,+0.0000,114.28,147.84,89.35,8.78,2.35,3.43,4.45,9.16,101.35
2544,16,+0.0000,114.28,147.84,89.35,8.78,2.35,3.43,4.45,9.16,101.35
2545,16,+0.0000,114.28,147.84,89.35,8.78,2.35,3.43,4.45,9.16,101.35
2546,16,+0.1875,114.35,147.80,89.38,8.77,2.36,3.44,4.45,9.17,101.32
2547,16,+0.0000,114.35,147.80,89.38,8.77,2.36,3.44,4.45,9.17,101.32
2548,16,+0.1250,114.39,147.78,89.40,8.77,2.36,3.43,4.45,9.16,101.30
2549,16,-0.1875,114.46,147.81,89.42,8.78,2.35,3.43,4.44,9.17,101.27
2550,16,-0.2500,114.55,147.76,89.46,8.77,2.35,3.44,4.45,9.18,101.31
2551,16,+0.0625,114.53,147.75,89.47,8.77,2.35,3.44,4.45,9.18,101.32
2552,16,-0.1875,114.59,147.72,89.44,8.78,2.35,3.43,4.46,9.17,101.35
2553,16,+0.0000,114.59,147.72,89.44,8.78,2.35,3.43,4.46,9.17,101.35
2554,16,-0.1875,114.53,147.75,89.41,8.78,2.36,3.43,4.47,9.16,101.38
2555,16,-0.1875,114.46,147.79,89.39,8.79,2.35,3.43,4.46,9.17,101.41
2556,16,+0.1250,114.42,147.81,89.37,8.79,2.35,3.42,4.47,9.17,101.39
2557,16,-0.0625,114.44,147.80,89.38,8.79,2.36,3.43,4.46,9.17,101.38
2558,16,+0.0625,114.46,147.79,89.39,8.79,2.36,3.43,4.46,9.17,101.37
2559,16,-0.3125,114.35,147.73,89.34,8.81,2.36,3.43,4.47,9.18,101.32
2560,16,+0.1250,114.39,147.75,89.32,8.81,2.37,3.43,4.47,9.17,101.34
2561,16,-0.2500,114.48,147.80,89.28,8.80,2.37,3.43,4.46,9.18,101.30
2562,16,+0.0000,114.48,147.80,89.28,8.80,2.37,3.43,4.46,9.18,101.30
2563,16,-0.0625,114.50,147.79,89.29,8.80,2.37,3.42,4.46,9.18,101.31
2564,16,+0.2500,114.42,147.74,89.25,8.81,2.37,3.42,4.45,9.19,101.27
2565,16,-0.1250,114.46,147.72,89.24,8.81,2.37,3.42,4.44,9.20,101.26
2566,16,-0.2500,114.55,147.67,89.27,8.80,2.37,3.41,4.43,9.21,101.22
2567,16,+0.1875,114.62,147.71,89.30,8.79,2.37,3.41,4.44,9.20,101.25
2568,16,-0.2500,114.53,147.75,89.26,8.78,2.37,3.41,4.43,9.21,101.28
2569,16,+0.0625,114.55,147.74,89.27,8.78,2.37,3.41,4.43,9.21,101.27
2570,16,-0.1875,114.62,147.78,89.25,8.79,2.38,3.42,4.43,9.22,101.25
2571,16,-0.1250,114.66,147.75,89.26,8.79,2.37,3.41,4.43,9.22,101.23
2572,16,-0.2500,114.75,147.71,89.30,8.80,2.38,3.41,4.42,9.21,101.26
2573,16,+0.0625,114.73,147.69,89.31,8.80,2.38,3.41,4.42,9.21,101.26
2574,16,+0.0625,114.70,147.68,89.30,8.80,2.38,3.41,4.42,9.21,101.25
2575,16,+0.0000,114.70,147.68,89.30,8.80,2.38,3.41,4.42,9.21,101.25
2576,16,-0.0625,114.68,147.67,89.31,8.80,2.38,3.41,4.42,9.22,101.24
2577,16,+0.1250,114.73,147.69,89.29,8.79,2.38,3.40,4.42,9.21,101.22
2578,16,+0.0625,114.75,147.68,89.28,8.79,2.37,3.40,4.43,9.21,101.21
2579,16,-0.0625,114.73,147.67,89.27,8.79,2.38,3.41,4.42,9.21,101.20
2580,16,-0.0625,114.75,147.68,89.26,8.80,2.38,3.40,4.43,9.21,101.19
2581,16,+0.1875,114.68,147.72,89.24,8.80,2.37,3.41,4.42,9.22,101.22
2582,16,+0.0625,114.66,147.73,89.23,8.81,2.37,3.41,4.42,9.22,101.21
2583,16,+0.1875,114.73,147.76,89.25,8.81,2.38,3.41,4.41,9.23,101.24
2584,16,-0.0625,114.70,147.75,89.26,8.81,2.37,3.41,4.41,9.23,101.25
2585,16,+0.1250,114.66,147.73,89.25,8.82,2.37,3.41,4.41,9.23,101.23
2586,16,-0.2500,114.57,147.68,89.28,8.83,2.37,3.41,4.40,9.22,101.26
2587,16,-0.0625,114.55,147.67,89.29,8.83,2.37,3.41,4.40,9.23,101.27
2588,16,-0.0625,114.57,147.68,89.30,8.83,2.37,3.41,4.40,9.22,101.26
2589,16,+0.0625,114.55,147.69,89.29,8.83,2.37,3.41,4.40,9.22,101.26
2590,16,+0.1250,114.51,147.72,89.31,8.83,2.37,3.41,4.40,9.22,101.24
2591,16,-0.2500,114.42,147.67,89.27,8.84,2.38,3.41,4.39,9.21,101.27
2592,16,-0.2500,114.33,147.72,89.31,8.85,2.38,3.41,4.40,9.22,101.24
2593,16,-0.1250,114.28,147.74,89.29,8.84,2.38,3.41,4.40,9.22,101.26
2594,16,-0.3125,114.17,147.68,89.25,8.83,2.37,3.42,4.41,9.21,101.21
2595,16,+0.1250,114.13,147.71,89.26,8.83,2.37,3.41,4.42,9.21,101.19
2596,16,-0.0625,114.15,147.69,89.27,8.82,2.37,3.41,4.42,9.22,101.18
2597,16,-0.0625,114.17,147.68,89.28,8.82,2.37,3.41,4.42,9.22,101.19
2598,16,+0.3125,114.28,147.74,89.33,8.83,2.36,3.41,4.43,9.21,101.24
2599,16,-0.0625,114.31,147.73,89.34,8.83,2.36,3.41,4.43,9.21,101.23
2600,16,+0.0000,114.31,147.73,89.34,8.83,2.36,3.41,4.43,9.21,101.23
2601,16,+0.3125,114.20,147.79,89.38,8.82,2.37,3.40,4.44,9.19,101.18
2602,16,+0.1875,114.13,147.82,89.41,8.83,2.37,3.40,4.45,9.19,101.21
2603,16,-0.3750,114.00,147.75,89.36,8.84,2.36,3.41,4.46,9.20,101.15
2604,16,+0.2500,113.91,147.80,89.32,8.85,2.35,3.41,4.47,9.19,101.19
2605,16,+0.1875,113.84,147.83,89.35,8.85,2.35,3.40,4.48,9.20,101.22
2606,16,+0.3125,113.95,147.78,89.39,8.86,2.34,3.40,4.46,9.19,101.26
2607,16,+0.2500,113.86,147.73,89.36,8.87,2.35,3.40,4.45,9.20,101.23
2608,16,-0.3125,113.75,147.79,89.31,8.86,2.36,3.40,4.44,9.18,101.27
2609,16,+0.3125,113.64,147.85,89.36,8.87,2.35,3.39,4.43,9.17,101.32
2610,16,+0.0625,113.67,147.86,89.35,8.87,2.35,3.39,4.43,9.17,101.31
2611,16,-0.0625,113.64,147.85,89.36,8.87,2.35,3.39,4.43,9.17,101.32
2612,16,+0.0000,113.64,147.85,89.36,8.87,2.35,3.39,4.43,9.17,101.32
2613,16,-0.1250,113.60,147.82,89.38,8.86,2.35,3.39,4.42,9.16,101.34
2614,16,-0.1875,113.67,147.79,89.40,8.87,2.35,3.39,4.43,9.16,101.31
2615,16,-0.1875,113.60,147.75,89.43,8.86,2.34,3.40,4.44,9.16,101.34
2616,16,+0.1250,113.64,147.73,89.45,8.87,2.35,3.40,4.43,9.17,101.36
2617,16,+0.1250,113.60,147.71,89.43,8.87,2.35,3.40,4.44,9.17,101.38
2618,16,+0.0000,113.60,147.71,89.43,8.87,2.35,3.40,4.44,9.17,101.38
2619,16,-0.1875,113.53,147.67,89.40,8.88,2.35,3.41,4.43,9.18,101.35
2620,16,+0.0000,113.53,147.67,89.40,8.88,2.35,3.41,4.43,9.18,101.35
2621,16,-0.2500,113.45,147.63,89.44,8.89,2.34,3.40,4.42,9.17,101.38
2622,16,-0.1875,113.38,147.59,89.47,8.88,2.34,3.40,4.41,9.16,101.36
2623,16,+0.0000,113.38,147.59,89.47,8.88,2.34,3.40,4.41,9.16,101.36
2624,16,+0.0000,113.38,147.59,89.47,8.88,2.34,3.40,4.41,9.16,101.36
2625,16,-0.1250,113.42,147.61,89.49,8.89,2.35,3.40,4.42,9.17,101.38
2626,16,+0.1875,113.49,147.65,89.51,8.89,2.35,3.41,4.41,9.18,101.35
2627,16,-0.0625,113.47,147.66,89.52,8.89,2.35,3.40,4.41,9.18,101.36
2628,16,+0.0000,113.47,147.66,89.52,8.89,2.35,3.40,4.41,9.18,101.36
2629,16,+0.0625,113.49,147.67,89.51,8.89,2.35,3.41,4.41,9.18,101.37
2630,16,+0.0000,113.49,147.67,89.51,8.89,2.35,3.41,4.41,9.18,101.37
2631,16,+0.1250,113.53,147.69,89.50,8.89,2.35,3.41,4.41,9.18,101.38
2632,16,-0.0625,113.56,147.71,89.49,8.89,2.35,3.41,4.41,9.18,101.39
2633,16,+0.2500,113.64,147.66,89.45,8.89,2.36,3.40,4.42,9.19,101.36
2634,16,-0.0625,113.62,147.67,89.44,8.89,2.36,3.41,4.42,9.18,101.37
2635,16,-0.0625,113.64,147.66,89.45,8.89,2.36,3.40,4.42,9.19,101.38
2636,16,-0.1250,113.60,147.68,89.43,8.89,2.35,3.40,4.42,9.19,101.36
2637,16,+0.0000,113.60,147.68,89.43,8.89,2.35,3.40,4.42,9.19,101.36
2638,16,+0.3125,113.71,147.74,89.39,8.88,2.35,3.41,4.43,9.18,101.40
2639,16,-0.0625,113.69,147.73,89.39,8.88,2.35,3.41,4.43,9.18,101.41
2640,16,-0.3125,113.58,147.79,89.35,8.89,2.34,3.40,4.41,9.19,101.46
2641,16,-0.1875,113.64,147.82,89.38,8.90,2.34,3.41,4.41,9.18,101.43
2642,16,-0.1250,113.69,147.80,89.36,8.90,2.35,3.41,4.40,9.18,101.41
2643,16,-0.0625,113.71,147.81,89.35,8.90,2.35,3.41,4.41,9.18,101.40
2644,16,+0.2500,113.62,147.86,89.31,8.89,2.35,3.40,4.40,9.19,101.37
2645,16,-0.1250,113.67,147.83,89.29,8.90,2.35,3.40,4.39,9.18,101.38
2646,16,+0.1250,113.62,147.81,89.31,8.89,2.35,3.40,4.39,9.19,101.40
2647,16,-0.1875,113.56,147.84,89.34,8.90,2.35,3.41,4.39,9.18,101.43
2648,16,-0.1250,113.51,147.82,89.36,8.90,2.35,3.40,4.40,9.18,101.41
2649,16,+0.1250,113.47,147.84,89.38,8.91,2.35,3.41,4.40,9.18,101.43
2650,16,-0.1250,113.42,147.87,89.39,8.91,2.35,3.41,4.41,9.18,101.45
2651,16,-0.1875,113.36,147.90,89.42,8.91,2.35,3.41,4.40,9.18,101.48
2652,16,-0.0625,113.38,147.89,89.41,8.91,2.34,3.40,4.40,9.19,101.47
2653,16,-0.4375,113.53,147.81,89.48,8.92,2.34,3.40,4.38,9.17,101.40
2654,16,+0.0625,113.56,147.80,89.47,8.93,2.34,3.40,4.38,9.17,101.39
2655,16,+0.1250,113.51,147.82,89.45,8.93,2.33,3.40,4.38,9.17,101.38
2656,16,+0.2500,113.42,147.87,89.41,8.92,2.34,3.40,4.38,9.18,101.41
2657,16,-0.3125,113.53,147.81,89.37,8.93,2.34,3.40,4.39,9.17,101.37
2658,16,+0.2500,113.45,147.86,89.33,8.94,2.35,3.40,4.40,9.18,101.40
2659,16,+0.0000,113.45,147.86,89.33,8.94,2.35,3.40,4.40,9.18,101.40
2660,16,+0.1250,113.40,147.83,89.35,8.94,2.35,3.40,4.40,9.17,101.42
2661,16,-0.0625,113.38,147.84,89.34,8.94,2.35,3.40,4.40,9.17,101.43
2662,16,+0.0625,113.36,147.83,89.35,8.94,2.35,3.40,4.40,9.17,101.42
2663,16,+0.0000,113.36,147.83,89.35,8.94,2.35,3.40,4.40,9.17,101.42
2664,16,-0.1875,113.29,147.80,89.38,8.95,2.35,3.40,4.41,9.18,101.45
2665,16,-0.1250,113.25,147.82,89.39,8.94,2.35,3.39,4.40,9.18,101.47
2666,16,-0.2500,113.16,147.78,89.43,8.93,2.35,3.39,4.39,9.17,101.43
2667,16,+0.2500,113.08,147.73,89.39,8.94,2.35,3.39,4.39,9.18,101.39
2668,16,+0.1875,113.14,147.70,89.37,8.93,2.35,3.39,4.39,9.19,101.42
2669,16,-0.1875,113.08,147.66,89.34,8.94,2.35,3.39,4.40,9.20,101.45
2670,16,+0.0625,113.10,147.67,89.35,8.94,2.35,3.39,4.40,9.20,101.44
2671,16,-0.1875,113.16,147.64,89.32,8.95,2.35,3.40,4.40,9.21,101.47
2672,16,-0.0625,113.14,147.63,89.33,8.95,2.35,3.40,4.40,9.20,101.46
2673,16,+0.0625,113.12,147.64,89.32,8.95,2.35,3.40,4.40,9.20,101.47
2674,16,+0.0625,113.10,147.65,89.33,8.95,2.36,3.40,4.40,9.20,101.48
2675,16,-0.1250,113.14,147.63,89.31,8.95,2.36,3.40,4.41,9.20,101.46
2676,16,-0.3750,113.01,147.56,89.26,8.94,2.36,3.41,4.39,9.21,101.40
2677,16,+0.0625,112.99,147.55,89.25,8.94,2.36,3.41,4.39,9.21,101.41
2678,16,+0.0000,112.99,147.55,89.25,8.94,2.36,3.41,4.39,9.21,101.41
2679,16,+0.0000,112.99,147.55,89.25,8.94,2.36,3.41,4.39,9.21,101.41
2680,16,+0.1250,113.03,147.57,89.27,8.95,2.37,3.41,4.40,9.22,101.43
2681,16,-0.0625,113.05,147.58,89.26,8.95,2.37,3.41,4.40,9.22,101.42
2682,16,+0.0625,113.03,147.59,89.27,8.95,2.37,3.41,4.40,9.21,101.41
2683,16,-0.0625,113.01,147.60,89.27,8.95,2.37,3.41,4.40,9.22,101.40
2684,16,-0.1875,112.94,147.64,89.25,8.94,2.36,3.42,4.40,9.21,101.38
2685,16,+0.0625,112.92,147.65,89.24,8.94,2.36,3.42,4.41,9.21,101.39
2686,16,-0.1250,112.97,147.63,89.22,8.94,2.36,3.42,4.41,9.20,101.40
2687,16,+0.1250,113.01,147.65,89.24,8.95,2.37,3.42,4.41,9.21,101.39
2688,16,+0.0000,113.01,147.65,89.24,8.95,2.37,3.42,4.41,9.21,101.39
2689,16,-0.0625,113.03,147.66,89.25,8.95,2.37,3.42,4.41,9.21,101.39
2690,16,+0.1250,113.07,147.64,89.23,8.95,2.37,3.42,4.41,9.21,101.41
2691,16,+0.0625,113.10,147.63,89.24,8.96,2.37,3.42,4.41,9.22,101.42
2692,16,+0.0000,113.10,147.63,89.24,8.96,2.37,3.42,4.41,9.22,101.42
2693,16,+0.0000,113.10,147.63,89.24,8.96,2.37,3.42,4.41,9.22,101.42
2694,16,-0.0625,113.07,147.62,89.25,8.95,2.37,3.42,4.41,9.22,101.43
2695,16,+0.2500,113.16,147.66,89.21,8.95,2.37,3.42,4.42,9.23,101.47
2696,16,-0.1250,113.12,147.68,89.23,8.95,2.38,3.42,4.43,9.22,101.49
2697,16,-0.1875,113.05,147.65,89.26,8.96,2.37,3.42,4.43,9.22,101.46
2698,16,+0.0625,113.03,147.64,89.25,8.95,2.37,3.42,4.44,9.22,101.45
2699,16,-0.1875,112.97,147.67,89.27,8.96,2.37,3.41,4.44,9.23,101.48
2700,16,+0.1250,112.92,147.70,89.26,8.96,2.37,3.41,4.44,9.22,101.49
2701,16,-0.1250,112.88,147.72,89.24,8.95,2.37,3.41,4.43,9.23,101.51
2702,16,-0.1875,112.94,147.68,89.21,8.95,2.37,3.42,4.43,9.23,101.49
2703,16,-0.1250,112.90,147.66,89.19,8.95,2.37,3.41,4.43,9.24,101.50
2704,16,+0.0000,112.90,147.66,89.19,8.95,2.37,3.41,4.43,9.24,101.50
2705,16,+0.0000,112.90,147.66,89.19,8.95,2.37,3.41,4.43,9.24,101.50
2706,16,+0.1875,112.84,147.70,89.17,8.94,2.37,3.41,4.42,9.23,101.48
2707,16,-0.1250,112.79,147.72,89.18,8.95,2.36,3.41,4.43,9.23,101.46
2708,16,+0.0625,112.77,147.71,89.19,8.95,2.36,3.41,4.43,9.24,101.47
2709,16,+0.0000,112.77,147.71,89.19,8.95,2.36,3.41,4.43,9.24,101.47
2710,16,+0.1875,112.71,147.74,89.22,8.96,2.37,3.41,4.42,9.24,101.49
2711,16,-0.0625,112.68,147.73,89.21,8.96,2.37,3.41,4.42,9.25,101.49
2712,16,-0.1250,112.64,147.71,89.19,8.96,2.37,3.41,4.42,9.25,101.47
2713,16,+0.3750,112.77,147.64,89.25,8.95,2.37,3.40,4.40,9.24,101.52
2714,16,-0.0625,112.75,147.65,89.24,8.95,2.37,3.40,4.41,9.24,101.51
2715,16,+0.0625,112.77,147.64,89.23,8.95,2.37,3.40,4.40,9.24,101.50
2716,16,-0.0625,112.79,147.63,89.24,8.95,2.37,3.41,4.41,9.24,101.49
2717,16,-0.1875,112.86,147.66,89.27,8.94,2.37,3.40,4.40,9.25,101.52
2718,16,+0.1875,112.79,147.63,89.29,8.95,2.37,3.40,4.39,9.25,101.49
2719,16,+0.0625,112.77,147.62,89.30,8.95,2.37,3.40,4.39,9.25,101.50
2720,16,-0.0625,112.79,147.63,89.29,8.95,2.37,3.40,4.40,9.25,101.49
2721,16,-0.1250,112.75,147.65,89.27,8.96,2.37,3.40,4.39,9.24,101.51
2722,16,+0.1875,112.81,147.68,89.25,8.95,2.37,3.40,4.39,9.25,101.54
2723,16,-0.1250,112.86,147.66,89.23,8.95,2.37,3.40,4.39,9.25,101.56
2724,16,+0.0000,112.86,147.66,89.23,8.95,2.37,3.40,4.39,9.25,101.56
2725,16,-0.0625,112.84,147.65,89.24,8.94,2.37,3.40,4.39,9.24,101.57
2726,16,-0.3125,112.94,147.71,89.19,8.95,2.38,3.40,4.38,9.26,101.61
2727,16,+0.1250,112.99,147.73,89.21,8.95,2.38,3.40,4.38,9.25,101.59
2728,16,-0.0625,113.01,147.72,89.20,8.95,2.38,3.39,4.38,9.25,101.60
2729,16,+0.0000,113.01,147.72,89.20,8.95,2.38,3.39,4.38,9.25,101.60
2730,16,+0.0625,112.99,147.73,89.19,8.95,2.38,3.40,4.38,9.25,101.61
2731,16,+0.1875,112.92,147.76,89.22,8.94,2.37,3.40,4.37,9.26,101.59
2732,16,-0.1875,112.86,147.80,89.19,8.95,2.38,3.40,4.37,9.25,101.56
2733,16,+0.1250,112.81,147.82,89.17,8.95,2.38,3.40,4.37,9.25,101.58
2734,16,+0.0000,112.81,147.82,89.17,8.95,2.38,3.40,4.37,9.25,101.58
2735,16,+0.0625,112.84,147.81,89.17,8.95,2.38,3.40,4.37,9.24,101.59
2736,16,-0.1250,112.88,147.79,89.15,8.94,2.38,3.40,4.36,9.24,101.57
2737,16,+0.0000,112.88,147.79,89.15,8.94,2.38,3.40,4.36,9.24,101.57
2738,16,-0.1250,112.84,147.76,89.13,8.95,2.38,3.40,4.37,9.24,101.59
2739,16,+0.1250,112.88,147.79,89.15,8.94,2.38,3.40,4.37,9.25,101.60
2740,16,-0.0625,112.86,147.80,89.14,8.95,2.38,3.40,4.38,9.25,101.59
2741,16,-0.0625,112.84,147.81,89.15,8.95,2.38,3.40,4.37,9.24,101.60
2742,16,+0.0000,112.84,147.81,89.15,8.95,2.38,3.40,4.37,9.24,101.60
2743,16,+0.1875,112.77,147.84,89.12,8.94,2.39,3.40,4.38,9.25,101.58
2744,16,-0.1875,112.71,147.88,89.09,8.93,2.39,3.40,4.37,9.24,101.60
2745,16,+0.0000,112.71,147.88,89.09,8.93,2.39,3.40,4.37,9.24,101.60
2746,16,+0.0625,112.69,147.89,89.10,8.94,2.39,3.40,4.38,9.25,101.59
2747,16,-0.1875,112.75,147.92,89.08,8.93,2.39,3.40,4.37,9.25,101.57
2748,16,+0.0000,112.75,147.92,89.08,8.93,2.39,3.40,4.37,9.25,101.57
2749,16,+0.0000,112.75,147.92,89.08,8.93,2.39,3.40,4.37,9.25,101.57
2750,16,-0.3125,112.86,147.87,89.12,8.94,2.40,3.40,4.36,9.26,101.61
2751,16,+0.1875,112.79,147.83,89.09,8.95,2.39,3.41,4.35,9.27,101.64
2752,16,+0.0000,112.79,147.83,89.09,8.95,2.39,3.41,4.35,9.27,101.64
2753,16,-0.2500,112.88,147.79,89.06,8.96,2.40,3.41,4.36,9.26,101.60
2754,16,+0.0625,112.90,147.80,89.05,8.95,2.40,3.41,4.36,9.26,101.61
2755,16,+0.1250,112.94,147.82,89.07,8.96,2.39,3.41,4.36,9.27,101.63
2756,16,-0.1250,112.90,147.84,89.05,8.95,2.39,3.41,4.36,9.26,101.65
2757,16,+0.0625,112.92,147.85,89.06,8.96,2.39,3.41,4.36,9.26,101.66
2758,16,+0.0000,112.92,147.85,89.06,8.96,2.39,3.41,4.36,9.26,101.66
2759,16,-0.1250,112.97,147.88,89.04,8.96,2.39,3.41,4.36,9.26,101.64
2760,16,+0.0000,112.97,147.88,89.04,8.96,2.39,3.41,4.36,9.26,101.64
2761,16,+0.0000,112.97,147.88,89.04,8.96,2.39,3.41,4.36,9.26,101.64
2762,16,-0.2500,113.05,147.83,89.07,8.95,2.39,3.40,4.37,9.25,101.60
2763,16,+0.0000,113.05,147.83,89.07,8.95,2.39,3.40,4.37,9.25,101.60
2764,16,+0.0000,113.05,147.83,89.07,8.95,2.39,3.40,4.37,9.25,101.60
2765,16,-0.1250,113.09,147.85,89.06,8.96,2.39,3.40,4.37,9.24,101.62
2766,16,-0.0625,113.07,147.87,89.05,8.95,2.39,3.40,4.38,9.24,101.63
2767,16,+0.3125,113.18,147.92,89.00,8.94,2.38,3.41,4.36,9.23,101.59
2768,16,+0.1250,113.14,147.94,88.98,8.94,2.39,3.41,4.37,9.23,101.60
2769,16,+0.0000,113.14,147.94,88.98,8.94,2.39,3.41,4.37,9.23,101.60
2770,16,+0.0000,113.14,147.94,88.98,8.94,2.39,3.41,4.37,9.23,101.60
2771,16,+0.1875,113.07,147.91,88.96,8.95,2.38,3.41,4.36,9.22,101.63
2772,16,-0.0625,113.05,147.90,88.95,8.95,2.38,3.41,4.36,9.22,101.64
2773,16,-0.3125,113.16,147.84,88.90,8.94,2.39,3.40,4.38,9.23,101.69
2774,16,-0.0625,113.14,147.85,88.89,8.94,2.39,3.40,4.38,9.24,101.69
2775,16,+0.0625,113.16,147.84,88.90,8.94,2.39,3.40,4.38,9.23,101.69
2776,16,+0.0625,113.18,147.83,88.91,8.94,2.39,3.40,4.38,9.23,101.68
2777,16,+0.1875,113.24,147.87,88.94,8.95,2.39,3.41,4.38,9.22,101.70
2778,16,+0.1875,113.31,147.83,88.97,8.95,2.39,3.40,4.38,9.23,101.73
2779,16,-0.0625,113.33,147.82,88.96,8.95,2.39,3.40,4.38,9.23,101.74
2780,16,+0.2500,113.41,147.87,88.92,8.96,2.39,3.41,4.39,9.24,101.78
2781,16,+0.0625,113.44,147.88,88.93,8.96,2.40,3.41,4.39,9.24,101.78
2782,16,+0.0625,113.46,147.87,88.94,8.96,2.40,3.41,4.39,9.24,101.78
2783,16,-0.1875,113.39,147.90,88.91,8.97,2.40,3.41,4.39,9.25,101.75
2784,16,+0.3750,113.26,147.83,88.86,8.95,2.39,3.41,4.40,9.24,101.69
2785,16,+0.1250,113.31,147.85,88.84,8.96,2.39,3.41,4.41,9.23,101.71
2786,16,-0.1250,113.26,147.83,88.82,8.95,2.39,3.41,4.41,9.23,101.69
2787,16,+0.2500,113.35,147.79,88.86,8.94,2.39,3.40,4.42,9.24,101.66
2788,16,+0.1250,113.39,147.76,88.84,8.95,2.39,3.40,4.41,9.24,101.68
2789,16,-0.1250,113.44,147.79,88.86,8.94,2.39,3.40,4.41,9.24,101.69
2790,16,+0.0000,113.44,147.79,88.86,8.94,2.39,3.40,4.41,9.24,101.69
2791,16,-0.1250,113.39,147.76,88.84,8.94,2.40,3.40,4.41,9.23,101.68
2792,16,+0.1250,113.35,147.79,88.86,8.93,2.39,3.40,4.41,9.24,101.69
2793,16,-0.2500,113.44,147.83,88.82,8.94,2.39,3.41,4.40,9.24,101.66
2794,16,+0.0000,113.44,147.83,88.82,8.94,2.39,3.41,4.40,9.24,101.66
2795,16,+0.2500,113.52,147.88,88.86,8.93,2.38,3.41,4.41,9.24,101.69
2796,16,-0.2500,113.61,147.92,88.82,8.93,2.38,3.41,4.42,9.24,101.73
2797,16,+0.0625,113.58,147.93,88.83,8.93,2.38,3.41,4.42,9.25,101.72
2798,16,+0.3125,113.48,147.88,88.88,8.94,2.39,3.42,4.41,9.24,101.68
2799,16,-0.2500,113.56,147.83,88.84,8.95,2.38,3.41,4.40,9.23,101.71
2800,16,-0.0625,113.54,147.82,88.83,8.95,2.38,3.41,4.40,9.23,101.70
2801,16,-0.1875,113.48,147.85,88.80,8.94,2.38,3.41,4.40,9.24,101.73
2802,16,+0.0000,113.48,147.85,88.80,8.94,2.38,3.41,4.40,9.24,101.73
2803,16,+0.1875,113.54,147.82,88.78,8.93,2.38,3.41,4.39,9.24,101.70
2804,16,-0.0625,113.52,147.83,88.79,8.93,2.38,3.41,4.39,9.24,101.71
2805,16,+0.3750,113.39,147.90,88.84,8.95,2.38,3.41,4.37,9.23,101.66
2806,16,-0.0625,113.41,147.91,88.83,8.95,2.39,3.41,4.38,9.23,101.67
2807,16,+0.1875,113.35,147.94,88.80,8.96,2.38,3.41,4.38,9.24,101.69
2808,16,+0.0625,113.33,147.93,88.80,8.95,2.38,3.41,4.39,9.24,101.69
2809,16,+0.3750,113.20,148.00,88.85,8.94,2.39,3.40,4.37,9.22,101.63
2810,16,+0.0000,113.20,148.00,88.85,8.94,2.39,3.40,4.37,9.22,101.63
2811,16,+0.0000,113.20,148.00,88.85,8.94,2.39,3.40,4.37,9.22,101.63
2812,16,+0.0625,113.18,147.99,88.86,8.94,2.39,3.40,4.37,9.23,101.62
2813,16,+0.0625,113.16,147.98,88.87,8.94,2.39,3.40,4.37,9.22,101.63
2814,16,-0.1250,113.12,147.95,88.89,8.95,2.39,3.40,4.37,9.22,101.65
2815,16,+0.0625,113.14,147.94,88.88,8.95,2.39,3.40,4.37,9.22,101.64
2816,16,+0.0625,113.16,147.93,88.89,8.95,2.39,3.40,4.37,9.22,101.65
2817,16,-0.3125,113.05,147.88,88.93,8.96,2.38,3.39,4.36,9.24,101.69
2818,16,-0.3125,113.16,147.93,88.89,8.97,2.39,3.40,4.37,9.22,101.74
2819,16,+0.0000,113.16,147.93,88.89,8.97,2.39,3.40,4.37,9.22,101.74
